Date,Open,High,Low,Close,Volume
2017-07-20,830.0,831.25,705.0,731.25,3382400
2017-07-21,756.25,767.5,715.0,736.25,1342400
2017-07-24,732.5,733.75,671.25,701.25,408000
2017-07-25,700.0,803.75,692.5,751.25,2106400
2017-07-26,741.25,876.25,728.75,876.25,3359200
2017-07-27,913.75,1061.25,881.25,1011.25,7153600
2017-07-28,973.75,1072.5,926.25,976.25,6375200
2017-07-31,993.75,1071.25,925.0,925.0,4720000
2017-08-01,916.25,942.5,780.0,812.5,1935200
2017-08-02,823.75,882.5,816.25,857.5,1147200
2017-08-03,861.25,927.5,837.5,867.5,1492000
2017-08-04,863.75,875.0,812.5,817.5,544000
2017-08-07,822.5,830.0,751.25,768.75,536000
2017-08-08,767.5,810.0,763.75,786.25,360000
2017-08-09,776.25,776.25,752.5,757.5,170400
2017-08-10,752.5,790.0,738.75,763.75,244800
2017-08-11,763.75,763.75,763.75,763.75,0
2017-08-14,740.0,762.5,738.75,751.25,96000
2017-08-15,762.5,787.5,752.5,758.75,106400
2017-08-16,766.25,797.5,761.25,797.5,105600
2017-08-17,800.0,800.0,772.5,776.25,76800
2017-08-18,748.75,760.0,741.25,756.25,124000
2017-08-21,752.5,756.25,730.0,733.75,80000
2017-08-22,745.0,761.25,728.75,751.25,80000
2017-08-23,761.25,766.25,752.5,752.5,31200
2017-08-24,752.5,761.25,741.25,741.25,40800
2017-08-25,738.75,748.75,732.5,732.5,27200
2017-08-28,730.0,743.75,717.5,717.5,40000
2017-08-29,712.5,715.0,693.75,705.0,64000
2017-08-30,705.0,730.0,698.75,707.5,77600
2017-08-31,710.0,722.5,696.25,696.25,44000
2017-09-01,700.0,703.75,668.75,682.5,96000
2017-09-04,660.0,660.0,630.0,635.0,80000
2017-09-05,660.0,660.0,575.0,581.875,141600
2017-09-06,587.5,587.5,551.875,578.75,100800
2017-09-07,578.125,593.75,566.25,566.875,73600
2017-09-08,553.125,571.25,543.75,571.25,104800
2017-09-11,580.0,582.5,563.125,565.0,48000
2017-09-12,556.875,563.125,553.125,553.75,70400
2017-09-13,562.5,641.25,556.25,640.0,264800
2017-09-14,617.5,673.75,606.875,637.5,172800
2017-09-15,650.0,650.0,614.375,632.5,38400
2017-09-18,632.5,632.5,632.5,632.5,0
2017-09-19,635.0,643.75,626.25,626.25,44800
2017-09-20,626.25,626.25,600.0,604.375,29600
2017-09-21,605.625,614.375,605.625,611.875,21600
2017-09-22,604.375,605.0,576.25,576.25,38400
2017-09-25,573.125,612.5,571.25,593.75,40800
2017-09-26,590.625,596.875,580.0,588.125,23200
2017-09-27,588.125,608.125,588.125,595.0,24000
2017-09-28,588.75,596.25,576.875,576.875,35200
2017-09-29,576.875,593.75,576.875,583.125,35200
2017-10-02,583.75,590.0,583.75,588.125,6400
2017-10-03,593.75,602.5,590.0,600.0,26400
2017-10-04,608.125,625.0,605.625,609.375,56000
2017-10-05,610.625,623.75,610.0,618.125,31200
2017-10-06,609.375,618.125,609.375,611.25,20000
2017-10-09,611.25,611.25,611.25,611.25,0
2017-10-10,620.0,620.0,612.5,612.5,17600
2017-10-11,612.5,630.0,607.5,607.5,21600
2017-10-12,607.5,607.5,588.125,588.75,40800
2017-10-13,584.375,590.625,580.625,584.375,26400
2017-10-16,586.875,590.0,585.625,585.625,12000
2017-10-17,587.5,587.5,576.25,576.25,20800
2017-10-18,575.0,576.875,569.375,571.875,21600
2017-10-19,571.875,571.875,566.25,571.875,10400
2017-10-20,566.25,580.0,565.625,567.5,15200
2017-10-23,573.125,573.75,565.0,566.25,18400
2017-10-24,566.25,570.625,560.625,566.25,20000
2017-10-25,571.875,579.375,559.375,567.5,13600
2017-10-26,565.0,565.625,550.625,550.625,22400
2017-10-27,550.0,556.25,545.625,548.75,23200
2017-10-30,592.5,636.25,586.25,625.0,224000
2017-10-31,623.125,623.125,594.375,617.5,40800
2017-11-01,604.375,604.375,570.0,593.75,69600
2017-11-02,589.375,596.875,585.0,585.0,24000
2017-11-03,585.0,585.0,585.0,585.0,0
2017-11-06,545.0,557.5,538.75,555.0,132800
2017-11-07,550.0,550.0,528.125,543.75,53600
2017-11-08,546.25,546.875,533.75,540.0,24800
2017-11-09,547.5,547.5,538.75,541.25,36800
2017-11-10,541.25,541.25,537.5,537.5,4800
2017-11-13,538.75,538.75,498.75,500.0,88800
2017-11-14,500.0,508.75,500.0,503.75,18400
2017-11-15,500.0,500.0,468.75,496.25,69600
2017-11-16,487.5,500.0,487.5,499.375,8000
2017-11-17,500.0,500.0,491.875,500.0,5600
2017-11-20,500.0,500.0,477.5,486.875,25600
2017-11-21,487.5,488.125,475.0,481.25,24800
2017-11-22,472.5,475.0,466.25,469.375,64800
2017-11-23,469.375,469.375,469.375,469.375,0
2017-11-24,471.875,480.0,468.75,469.375,56800
2017-11-27,470.0,480.0,467.5,474.375,54400
2017-11-28,475.625,475.625,468.75,470.0,47200
2017-11-29,472.5,480.0,472.5,474.375,29600
2017-11-30,470.625,472.5,468.75,468.75,50400
2017-12-01,468.75,473.75,466.875,468.75,49600
2017-12-04,468.75,468.75,450.0,450.0,159200
2017-12-05,439.375,456.25,437.5,453.125,104800
2017-12-06,457.5,458.125,450.0,450.0,27200
2017-12-07,451.25,457.5,448.75,457.5,28000
2017-12-08,462.5,500.0,461.875,500.0,102400
2017-12-11,491.25,531.25,488.125,524.375,152000
2017-12-12,524.375,524.375,507.5,512.5,80800
2017-12-13,515.0,519.375,505.0,511.875,55200
2017-12-14,513.75,591.25,513.75,551.25,231200
2017-12-15,551.25,561.875,531.25,551.25,68800
2017-12-18,551.25,551.875,537.5,538.75,42400
2017-12-19,540.0,546.25,536.25,536.25,32800
2017-12-20,535.0,535.0,514.375,533.125,44000
2017-12-21,525.625,533.125,525.0,525.0,13600
2017-12-22,525.0,525.0,516.875,518.75,30400
2017-12-25,520.625,521.25,506.25,508.75,64000
2017-12-26,506.25,510.625,504.375,506.25,53600
2017-12-27,503.75,528.125,503.75,524.375,28800
2017-12-28,525.0,543.125,525.0,531.875,35200
2017-12-29,543.125,543.125,535.0,540.625,12800
2018-01-01,540.625,540.625,540.625,540.625,0
2018-01-02,540.625,540.625,540.625,540.625,0
2018-01-03,540.625,540.625,540.625,540.625,0
2018-01-04,573.75,575.0,554.375,554.375,81600
2018-01-05,556.25,558.75,543.75,544.375,28800
2018-01-08,544.375,544.375,544.375,544.375,0
2018-01-09,545.0,558.125,545.0,557.5,28800
2018-01-10,575.0,586.25,562.5,583.125,72000
2018-01-11,586.875,587.5,564.375,578.125,33600
2018-01-12,571.25,584.375,566.875,573.125,23200
2018-01-15,577.5,589.375,562.5,589.375,56800
2018-01-16,590.0,597.5,576.25,593.75,32800
2018-01-17,586.875,594.375,575.625,578.125,61600
2018-01-18,571.875,617.5,571.875,617.5,73600
2018-01-19,621.875,650.0,621.875,645.0,212000
2018-01-22,662.5,662.5,637.5,658.75,108800
2018-01-23,675.0,675.0,643.75,650.0,68000
2018-01-24,650.0,650.0,622.5,625.0,68000
2018-01-25,619.375,620.0,588.75,588.75,62400
2018-01-26,580.0,625.0,577.5,625.0,74400
2018-01-29,635.0,635.0,607.5,622.5,24000
2018-01-30,606.25,606.25,593.75,593.75,24800
2018-01-31,578.75,589.375,576.875,576.875,48800
2018-02-01,577.5,619.375,577.5,619.375,102400
2018-02-02,593.75,600.0,585.625,595.625,37600
2018-02-05,586.875,595.0,575.625,591.875,41600
2018-02-06,530.625,545.0,504.375,525.625,105600
2018-02-07,538.75,545.0,525.0,525.0,47200
2018-02-08,530.625,536.25,515.625,518.125,50400
2018-02-09,465.625,485.0,465.625,477.5,81600
2018-02-12,477.5,477.5,477.5,477.5,0
2018-02-13,487.5,489.375,477.5,488.125,48000
2018-02-14,496.875,499.375,476.25,493.75,60000
2018-02-15,500.625,500.625,483.75,485.625,24000
2018-02-16,478.75,493.75,477.5,493.75,23200
2018-02-19,537.5,550.625,526.875,538.125,161600
2018-02-20,538.125,547.5,537.5,537.5,51200
2018-02-21,537.5,543.75,537.5,537.5,18400
2018-02-22,546.25,546.875,537.5,539.375,35200
2018-02-23,544.375,544.375,530.625,538.75,30400
2018-02-26,543.75,546.25,537.5,546.25,7200
2018-02-27,548.125,548.125,537.5,537.5,18400
2018-02-28,537.5,547.5,537.5,546.875,26400
2018-03-01,546.875,546.875,546.875,546.875,0
2018-03-02,538.125,543.75,537.5,543.75,26400
2018-03-05,544.375,546.875,537.5,537.5,28800
2018-03-06,537.5,547.5,537.5,546.875,8000
2018-03-07,538.125,539.375,537.5,537.5,8800
2018-03-08,546.25,546.25,537.5,537.5,9600
2018-03-09,545.625,546.25,538.125,538.125,4800
2018-03-12,540.0,542.5,540.0,541.25,10400
2018-03-13,541.25,541.25,541.25,541.25,0
2018-03-14,541.875,552.5,541.875,542.5,6400
2018-03-15,550.0,581.25,550.0,581.25,14400
2018-03-16,581.25,581.25,581.25,581.25,0
2018-03-19,581.25,581.25,563.125,572.5,35200
2018-03-20,581.25,583.75,575.0,583.75,43200
2018-03-21,583.75,583.75,583.75,583.75,0
2018-03-22,583.75,586.25,578.125,581.25,32000
2018-03-23,576.875,580.625,562.5,571.25,21600
2018-03-26,562.5,575.0,539.375,575.0,15200
2018-03-27,575.0,581.25,572.5,575.0,18400
2018-03-28,567.5,567.5,563.75,563.75,1600
2018-03-29,563.125,568.125,562.5,568.125,4800
2018-03-30,559.375,563.125,556.25,562.5,8800
2018-04-02,566.25,568.75,562.5,562.5,10400
2018-04-03,562.5,573.75,546.25,546.25,9600
2018-04-04,561.875,561.875,556.25,558.125,12000
2018-04-05,560.625,562.5,558.125,562.5,10400
2018-04-06,574.375,575.0,563.75,566.25,17600
2018-04-09,575.0,575.0,566.875,568.75,12800
2018-04-10,570.625,581.25,570.0,570.0,15200
2018-04-11,578.125,585.625,574.375,585.0,24800
2018-04-12,585.0,585.0,585.0,585.0,0
2018-04-13,584.375,584.375,575.0,575.0,6400
2018-04-16,568.75,568.75,566.25,566.25,6400
2018-04-17,562.5,562.5,562.5,562.5,800
2018-04-18,565.0,565.0,556.25,556.25,1600
2018-04-19,561.875,561.875,551.875,561.25,7200
2018-04-20,561.25,561.25,561.25,561.25,0
2018-04-23,558.75,558.75,546.25,546.25,6400
2018-04-24,558.75,568.75,554.375,568.75,13600
2018-04-25,580.625,580.625,566.25,568.125,20800
2018-04-26,568.75,568.75,568.125,568.75,9600
2018-04-27,568.75,577.5,568.125,568.125,13600
2018-04-30,568.125,568.125,568.125,568.125,0
2018-05-01,568.125,587.5,568.125,576.25,24000
2018-05-02,578.75,598.75,578.75,596.25,35200
2018-05-03,596.25,596.25,596.25,596.25,0
2018-05-04,596.25,596.25,596.25,596.25,0
2018-05-07,596.25,615.625,594.375,615.625,44000
2018-05-08,615.625,615.625,615.625,615.625,0
2018-05-09,615.625,615.625,615.625,615.625,0
2018-05-10,603.125,613.75,573.125,573.125,19200
2018-05-11,572.5,588.125,562.5,588.125,12800
2018-05-14,611.875,611.875,591.25,600.0,32000
2018-05-15,600.0,615.0,590.0,615.0,19200
2018-05-16,615.0,623.125,612.5,623.125,14400
2018-05-17,623.75,630.0,616.25,616.25,23200
2018-05-18,616.25,628.75,612.5,628.75,17600
2018-05-21,650.0,650.0,612.5,626.25,23200
2018-05-22,637.5,642.5,621.25,642.5,31200
2018-05-23,630.0,646.25,630.0,646.25,12800
2018-05-24,646.25,656.25,625.0,625.0,32800
2018-05-25,621.25,623.75,618.75,618.75,16000
2018-05-28,631.25,656.25,630.0,643.75,42400
2018-05-29,650.0,650.0,618.75,640.0,39200
2018-05-30,633.75,633.75,633.75,633.75,2400
2018-05-31,638.75,665.0,638.75,652.5,25600
2018-06-01,658.75,696.25,658.75,696.25,71200
2018-06-04,783.75,783.75,713.75,738.75,150400
2018-06-05,736.25,736.25,681.25,696.25,63200
2018-06-06,707.5,747.5,700.0,700.0,31200
2018-06-07,725.0,725.0,662.5,675.0,71200
2018-06-08,680.0,695.0,671.25,692.5,14400
2018-06-11,692.5,692.5,676.25,676.25,8000
2018-06-12,668.75,675.0,643.75,666.25,35200
2018-06-13,653.75,661.25,640.0,656.25,23200
2018-06-14,656.25,667.5,656.25,666.25,4000
2018-06-15,675.0,677.5,656.25,656.25,8000
2018-06-18,657.5,657.5,603.125,637.5,36800
2018-06-19,637.5,637.5,606.25,606.25,30400
2018-06-20,610.625,610.625,585.0,603.125,34400
2018-06-21,611.875,617.5,601.875,603.75,5600
2018-06-22,610.625,616.875,604.375,615.625,9600
2018-06-25,633.75,633.75,611.875,611.875,13600
2018-06-26,620.625,625.0,620.0,625.0,6400
2018-06-27,636.25,637.5,612.5,620.625,11200
2018-06-28,620.625,620.625,620.625,620.625,1600
2018-06-29,620.0,625.0,619.375,619.375,8000
2018-07-02,619.375,621.25,612.5,612.5,17600
2018-07-03,612.5,612.5,566.25,579.375,21600
2018-07-04,579.375,595.625,579.375,595.625,9600
2018-07-05,595.625,595.625,572.5,593.75,13600
2018-07-06,595.625,595.625,573.125,581.25,11200
2018-07-09,598.75,598.75,590.0,596.25,4800
2018-07-10,596.25,600.0,590.0,590.0,4000
2018-07-11,598.75,605.625,590.0,600.625,10400
2018-07-12,600.625,600.625,600.625,600.625,0
2018-07-13,615.0,618.75,608.75,618.75,14400
2018-07-16,618.75,618.75,618.75,618.75,0
2018-07-17,645.0,662.5,638.75,653.75,16800
2018-07-18,666.25,671.25,660.0,660.0,13600
2018-07-19,648.75,652.5,647.5,652.5,2400
2018-07-20,652.5,660.0,652.5,653.75,4000
2018-07-23,660.0,660.0,637.5,642.5,17600
2018-07-24,636.25,646.25,635.0,635.0,8000
2018-07-25,657.5,657.5,636.25,638.75,13600
2018-07-26,637.5,637.5,635.0,635.0,1600
2018-07-27,632.5,635.0,622.5,623.75,12000
2018-07-30,623.75,647.5,623.75,637.5,12000
2018-07-31,625.0,637.5,625.0,637.5,4000
2018-08-01,625.0,632.5,625.0,632.5,2400
2018-08-02,628.75,646.25,627.5,627.5,11200
2018-08-03,647.5,662.5,635.0,662.5,12800
2018-08-06,652.5,652.5,613.75,613.75,19200
2018-08-07,600.625,623.75,593.75,618.75,11200
2018-08-08,620.0,621.875,606.25,606.25,10400
2018-08-09,606.25,606.25,597.5,597.5,2400
2018-08-10,596.25,596.25,581.25,581.25,16800
2018-08-13,575.0,576.875,556.875,556.875,16800
2018-08-14,556.875,560.0,544.375,544.375,12800
2018-08-15,544.375,544.375,525.0,525.0,15200
2018-08-16,525.0,525.0,525.0,525.0,0
2018-08-17,525.0,525.0,525.0,525.0,0
2018-08-20,525.0,525.0,525.0,525.0,0
2018-08-21,538.75,538.75,512.5,514.375,12800
2018-08-22,514.375,514.375,514.375,514.375,0
2018-08-23,543.125,543.125,525.625,525.625,1600
2018-08-24,533.75,541.875,533.75,536.875,4000
2018-08-27,545.625,565.625,540.0,561.875,12800
2018-08-28,553.125,553.125,553.125,553.125,1600
2018-08-29,553.125,553.125,551.25,551.25,4000
2018-08-30,551.25,551.25,541.25,547.5,12000
2018-08-31,546.25,554.375,537.5,554.375,8000
2018-09-03,545.625,547.5,545.625,547.5,3200
2018-09-04,547.5,547.5,547.5,547.5,0
2018-09-05,547.5,547.5,547.5,547.5,0
2018-09-06,547.5,547.5,547.5,547.5,0
2018-09-07,547.5,547.5,547.5,547.5,0
2018-09-10,528.75,528.75,524.375,524.375,16800
2018-09-11,524.375,524.375,524.375,524.375,0
2018-09-12,524.375,524.375,524.375,524.375,0
2018-09-13,533.75,540.0,525.0,540.0,3200
2018-09-14,557.5,557.5,539.375,543.125,8000
2018-09-17,543.125,543.125,543.125,543.125,0
2018-09-18,537.5,568.75,537.5,566.25,10400
2018-09-19,566.25,566.25,565.625,565.625,1600
2018-09-20,565.625,565.625,565.625,565.625,0
2018-09-21,565.625,565.625,565.625,565.625,0
2018-09-24,565.625,565.625,565.625,565.625,0
2018-09-25,532.5,544.375,532.5,544.375,4000
2018-09-26,550.625,562.5,550.625,562.5,2400
2018-09-27,572.5,572.5,553.75,553.75,15200
2018-09-28,545.0,545.0,545.0,545.0,800
2018-10-01,545.0,545.0,545.0,545.0,0
2018-10-02,545.625,546.875,545.0,545.0,5600
2018-10-03,545.0,545.0,538.75,538.75,3200
2018-10-04,533.125,533.75,533.125,533.75,1600
2018-10-05,533.75,533.75,533.75,533.75,0
2018-10-08,533.75,533.75,533.75,533.75,0
2018-10-09,531.875,531.875,531.875,531.875,800
2018-10-10,531.875,531.875,531.875,531.875,0
2018-10-11,531.875,531.875,531.875,531.875,0
2018-10-12,503.125,538.75,503.125,538.75,9600
2018-10-15,526.25,531.25,512.5,512.5,15200
2018-10-16,512.5,512.5,512.5,512.5,0
2018-10-17,523.75,523.75,523.75,523.75,800
2018-10-18,523.75,537.5,523.75,537.5,6400
2018-10-19,536.875,536.875,536.875,536.875,2400
2018-10-22,536.875,536.875,536.875,536.875,0
2018-10-23,536.875,536.875,536.875,536.875,0
2018-10-24,536.875,536.875,536.875,536.875,0
2018-10-25,515.0,515.0,506.875,506.875,4800
2018-10-26,506.25,506.25,462.5,475.0,19200
2018-10-29,475.0,475.0,475.0,475.0,0
2018-10-30,448.75,475.0,440.625,466.25,61600
2018-10-31,466.25,466.25,466.25,466.25,0
2018-11-01,452.5,461.25,450.0,450.625,9600
2018-11-02,462.5,516.25,462.5,507.5,47200
2018-11-05,507.5,507.5,499.375,506.25,7200
2018-11-06,506.25,506.25,506.25,506.25,0
2018-11-07,495.0,495.0,493.75,493.75,1600
2018-11-08,493.75,493.75,493.75,493.75,0
2018-11-09,493.75,493.75,493.75,493.75,0
2018-11-12,493.75,493.75,493.75,493.75,0
2018-11-13,493.75,493.75,493.75,493.75,0
2018-11-14,462.5,471.875,462.5,462.5,3200
2018-11-15,462.5,462.5,462.5,462.5,0
2018-11-16,457.5,460.0,451.875,451.875,2400
2018-11-19,451.875,451.875,451.875,451.875,0
2018-11-20,451.875,451.875,451.875,451.875,0
2018-11-21,454.375,454.375,441.875,447.5,4800
2018-11-22,447.5,447.5,447.5,447.5,0
2018-11-23,447.5,447.5,447.5,447.5,0
2018-11-26,450.0,450.0,449.375,449.375,3200
2018-11-27,445.0,445.0,445.0,445.0,1600
2018-11-28,445.0,455.0,445.0,445.0,5600
2018-11-29,444.375,445.0,443.75,445.0,4000
2018-11-30,445.0,445.0,445.0,445.0,0
2018-12-03,452.5,452.5,452.5,452.5,800
2018-12-04,452.5,452.5,452.5,452.5,0
2018-12-05,450.0,450.0,443.75,443.75,4000
2018-12-06,443.75,443.75,438.125,438.125,8000
2018-12-07,435.625,444.375,429.375,444.375,50400
2018-12-10,444.375,444.375,444.375,444.375,0
2018-12-11,463.125,463.125,436.875,437.5,20800
2018-12-12,450.0,458.125,450.0,458.125,2400
2018-12-13,466.875,466.875,466.875,466.875,4000
2018-12-14,466.875,466.875,466.875,466.875,0
2018-12-17,488.125,499.375,475.625,490.625,10400
2018-12-18,490.625,490.625,490.625,490.625,0
2018-12-19,476.25,476.875,466.25,466.25,10400
2018-12-20,466.25,474.375,462.5,462.5,16000
2018-12-21,463.75,471.25,456.25,462.5,10400
2018-12-24,462.5,462.5,462.5,462.5,0
2018-12-25,450.0,450.0,413.75,423.125,24000
2018-12-26,410.75,413.25,400.25,400.5,12000
2018-12-27,402.75,422.5,402.75,406.5,8800
2018-12-28,408.75,418.75,405.75,405.75,15200
2018-12-31,405.75,405.75,405.75,405.75,0
2019-01-04,405.75,405.75,376.25,384.25,13600
2019-01-07,381.25,395.0,381.25,384.5,18000
2019-01-08,384.75,394.5,383.75,388.0,8000
2019-01-09,388.25,393.75,385.0,387.75,10800
2019-01-10,388.0,392.5,385.25,385.5,12000
2019-01-11,385.5,392.75,370.25,371.75,27200
2019-01-15,375.5,405.75,375.5,379.0,17200
2019-01-16,382.75,396.5,382.5,383.0,11600
2019-01-17,403.0,405.0,395.5,401.0,9600
2019-01-18,401.0,405.0,398.0,398.0,12800
2019-01-21,393.5,394.5,388.25,389.75,11200
2019-01-22,392.5,392.5,385.0,385.5,9200
2019-01-23,395.5,399.5,387.75,388.75,10000
2019-01-24,383.75,388.75,380.75,388.75,27200
2019-01-25,383.75,388.75,382.25,383.75,23200
2019-01-28,384.25,392.0,384.25,388.75,18400
2019-01-29,385.0,387.5,384.0,384.5,12800
2019-01-30,384.5,385.5,375.0,381.75,22400
2019-01-31,382.5,385.0,375.0,378.0,29600
2019-02-01,378.0,384.25,377.0,382.5,24800
2019-02-04,386.25,406.75,382.75,406.75,24800
2019-02-05,406.25,406.25,395.0,406.0,13200
2019-02-06,402.5,407.0,388.75,399.5,14800
2019-02-07,395.25,397.0,389.25,389.5,15200
2019-02-08,395.75,421.0,390.5,402.5,22000
2019-02-12,404.25,432.25,402.5,415.0,83600
2019-02-13,415.0,421.0,403.25,403.25,24800
2019-02-14,405.5,412.5,398.75,402.5,19600
2019-02-15,402.5,419.75,400.0,419.75,19600
2019-02-18,410.0,420.0,410.0,412.75,15200
2019-02-19,412.25,412.25,400.75,403.0,12000
2019-02-20,396.5,416.25,396.5,416.25,12000
2019-02-21,416.25,416.25,416.25,416.25,0
2019-02-22,416.25,416.25,402.25,402.5,15200
2019-02-25,402.5,402.5,402.5,402.5,0
2019-02-26,425.0,425.0,405.5,407.75,19200
2019-02-27,407.75,412.5,399.0,400.5,12400
2019-02-28,401.0,403.25,395.0,396.0,20400
2019-03-01,398.25,398.25,385.0,385.25,16800
2019-03-04,399.25,409.25,392.5,409.0,23200
2019-03-05,404.75,407.5,397.5,407.5,6400
2019-03-06,407.5,407.5,407.5,407.5,0
2019-03-07,410.0,410.0,382.5,397.25,8000
2019-03-08,397.25,397.25,397.25,397.25,0
2019-03-11,410.0,413.0,400.0,412.25,6400
2019-03-12,405.0,405.0,400.25,405.0,6800
2019-03-13,410.0,410.0,404.0,409.75,6400
2019-03-14,412.5,412.5,412.5,412.5,400
2019-03-15,412.5,412.5,404.0,404.0,1600
2019-03-18,404.0,404.0,404.0,404.0,0
2019-03-19,396.25,402.5,396.25,402.5,2400
2019-03-20,402.5,402.5,396.5,402.5,62800
2019-03-22,400.0,402.0,395.0,395.0,4400
2019-03-25,385.0,388.75,382.75,383.25,11600
2019-03-26,380.75,394.0,380.75,394.0,2000
2019-03-27,394.0,394.0,394.0,394.0,0
2019-03-28,396.75,396.75,396.75,396.75,800
2019-03-29,396.0,410.0,396.0,410.0,11600
2019-04-01,405.75,405.75,395.75,395.75,800
2019-04-02,395.75,395.75,395.75,395.75,0
2019-04-03,395.75,395.75,385.75,385.75,2800
2019-04-04,385.75,385.75,380.5,380.5,6800
2019-04-05,385.25,385.25,384.0,384.0,3600
2019-04-08,392.5,392.5,392.5,392.5,2400
2019-04-09,392.5,392.5,392.5,392.5,2400
2019-04-10,388.5,388.5,387.75,387.75,1200
2019-04-11,383.75,383.75,382.5,383.5,6800
2019-04-12,383.75,383.75,382.5,383.75,8000
2019-04-15,383.75,393.25,383.75,385.25,4800
2019-04-16,385.25,385.25,385.25,385.25,2800
2019-04-17,385.0,385.0,376.5,380.25,11600
2019-04-18,382.75,383.75,380.25,382.5,6000
2019-04-19,383.75,383.75,375.0,383.25,7200
2019-04-22,375.0,376.0,375.0,376.0,3200
2019-04-23,376.0,384.75,376.0,384.75,1600
2019-04-24,376.5,380.0,375.5,376.5,8000
2019-04-25,375.0,376.25,375.0,376.25,1200
2019-04-26,375.75,377.5,375.0,375.0,3600
2019-05-07,375.0,384.5,375.0,384.5,2000
2019-05-08,380.0,384.5,377.5,384.5,4000
2019-05-09,384.5,384.75,372.5,372.5,9200
2019-05-10,386.75,386.75,382.5,382.5,1200
2019-05-13,385.75,424.5,380.0,398.5,19200
2019-05-14,398.5,398.5,384.0,387.5,6000
2019-05-15,383.5,392.25,378.75,378.75,21200
2019-05-16,392.5,396.0,392.5,394.5,3600
2019-05-17,392.5,396.0,392.5,394.5,3600
2019-05-20,394.5,397.25,390.0,392.5,8000
2019-05-21,382.75,392.5,382.75,391.0,8000
2019-05-22,392.5,393.5,390.75,390.75,3600
2019-05-23,390.75,399.5,382.75,399.5,10800
2019-05-24,399.5,399.5,386.0,398.5,5600
2019-05-27,399.75,399.75,392.75,398.0,4000
2019-05-28,400.0,412.75,400.0,411.25,22000
2019-05-29,411.25,415.0,407.5,415.0,12800
2019-05-30,414.0,414.0,412.25,412.5,8000
2019-05-31,412.75,412.75,400.0,400.0,7600
2019-06-03,395.25,395.25,392.5,392.5,6800
2019-06-04,389.75,392.5,389.75,392.5,1200
2019-06-05,392.75,421.0,392.75,420.75,20000
2019-06-06,420.0,420.0,404.0,404.0,4400
2019-06-07,407.25,407.5,405.5,407.5,2800
2019-06-10,417.5,417.5,415.25,415.25,3200
2019-06-11,415.0,415.25,408.25,413.5,11200
2019-06-12,407.75,413.5,407.75,412.25,5200
2019-06-13,408.25,410.0,408.0,410.0,4400
2019-06-14,421.25,422.25,415.25,422.25,4400
2019-06-17,415.0,424.5,415.0,420.25,28400
2019-06-18,419.75,432.5,419.75,426.5,6000
2019-06-19,427.5,462.5,427.5,440.25,29200
2019-06-20,450.25,450.25,432.75,440.0,26800
2019-06-21,440.0,440.0,439.75,440.0,6800
2019-06-24,437.25,442.5,437.25,442.5,8400
2019-06-25,442.5,468.75,442.5,458.75,13200
2019-06-26,458.75,482.75,450.0,452.5,13200
2019-06-27,448.5,448.5,448.5,448.5,2800
2019-06-28,449.5,452.5,439.0,450.25,11200
2019-07-01,460.25,470.0,460.25,462.5,4000
2019-07-02,462.5,462.5,462.5,462.5,0
2019-07-03,452.5,458.25,452.5,453.25,2800
2019-07-04,457.5,457.5,450.25,450.25,2000
2019-07-05,458.0,458.0,452.75,452.75,2800
2019-07-08,475.0,524.5,475.0,510.0,49600
2019-07-09,516.75,590.5,513.75,559.25,114000
2019-07-10,579.0,599.75,563.75,563.75,46400
2019-07-11,568.75,568.75,515.5,552.75,24400
2019-07-12,527.75,530.75,520.0,526.0,14400
2019-07-16,528.0,556.25,527.75,533.5,7600
2019-07-17,536.25,536.25,536.25,536.25,400
2019-07-18,561.25,561.25,541.5,541.5,5600
2019-07-19,537.5,540.0,537.5,538.0,1600
2019-07-22,549.75,555.0,539.5,555.0,8000
2019-07-23,560.0,563.5,545.0,563.5,20000
2019-07-24,563.5,568.0,561.75,564.75,12000
2019-07-25,553.5,562.5,553.5,562.5,2400
2019-07-26,550.0,551.5,538.0,542.5,25600
2019-07-29,542.5,542.5,542.25,542.5,1600
2019-07-30,542.75,546.25,542.75,543.75,2400
2019-07-31,544.25,550.25,544.25,545.0,5200
2019-08-01,545.5,554.25,545.5,554.25,4400
2019-08-02,554.25,556.75,554.25,556.75,6000
2019-08-05,569.25,574.25,556.75,565.0,13200
2019-08-06,530.25,530.25,478.25,513.5,33600
2019-08-07,513.5,526.0,470.0,482.5,26800
2019-08-08,473.75,482.25,472.0,474.75,6800
2019-08-09,466.25,476.75,459.25,470.25,15200
2019-08-13,470.25,482.25,468.25,470.0,8000
2019-08-14,480.25,480.25,475.5,480.25,2800
2019-08-15,470.25,479.0,470.25,477.25,5600
2019-08-16,478.25,488.25,478.25,488.25,5600
2019-08-19,500.0,530.0,499.0,530.0,5200
2019-08-20,530.0,530.0,492.5,503.0,12800
2019-08-21,490.5,492.25,490.5,492.25,800
2019-08-22,492.5,492.5,492.5,492.5,1600
2019-08-23,488.75,488.75,482.5,482.5,4400
2019-08-26,477.5,477.5,477.5,477.5,400
2019-08-27,477.5,487.5,477.5,487.5,1200
2019-08-28,497.5,497.5,493.5,493.75,2800
2019-08-29,494.0,494.0,489.0,489.0,3200
2019-08-30,498.25,498.25,498.25,498.25,400
2019-09-02,489.5,530.25,489.5,530.25,3200
2019-09-03,537.25,537.25,524.75,524.75,2400
2019-09-04,505.75,508.0,505.75,508.0,4000
2019-09-05,525.25,525.25,525.25,525.25,2000
2019-09-06,523.75,524.0,519.5,524.0,3600
2019-09-09,527.0,529.75,525.75,529.0,8800
2019-09-10,525.0,525.0,520.0,520.0,2000
2019-09-11,531.0,531.0,516.0,516.0,4400
2019-09-12,523.75,523.75,500.25,511.75,4400
2019-09-13,519.5,525.25,515.75,518.75,8800
2019-09-17,516.5,516.5,516.5,516.5,2000
2019-09-18,512.25,512.25,501.5,505.5,4400
2019-09-19,528.5,528.5,513.25,513.25,1600
2019-09-20,513.25,513.25,513.25,513.25,0
2019-09-24,513.75,523.25,513.75,521.5,5200
2019-09-25,516.25,516.25,512.75,512.75,5600
2019-09-26,505.0,505.25,502.25,504.0,3600
2019-09-27,504.0,505.75,504.0,505.75,1200
2019-09-30,501.75,503.75,501.75,503.75,1600
2019-10-01,504.75,504.75,504.75,504.75,800
2019-10-02,500.0,500.0,490.25,495.0,2800
2019-10-03,492.75,492.75,490.5,490.5,800
2019-10-04,483.75,490.5,483.5,490.5,5200
2019-10-07,490.0,490.5,490.0,490.5,4400
2019-10-08,498.5,498.5,495.75,495.75,1200
2019-10-09,496.0,496.0,496.0,496.0,400
2019-10-10,496.75,498.5,496.75,498.5,2000
2019-10-11,505.5,511.0,502.0,502.0,2400
2019-10-15,502.0,502.0,502.0,502.0,0
2019-10-16,501.25,501.25,501.25,501.25,800
2019-10-17,500.5,501.25,500.5,501.25,3200
2019-10-18,501.0,501.25,493.75,493.75,3600
2019-10-21,490.75,490.75,465.0,475.5,13200
2019-10-23,485.5,485.5,462.5,471.5,18000
2019-10-24,457.75,466.25,457.75,461.25,10000
2019-10-25,465.0,467.5,445.0,453.75,26000
2019-10-28,448.0,459.0,448.0,452.5,7200
2019-10-29,451.25,456.5,451.25,452.25,3600
2019-10-30,452.25,452.25,450.75,450.75,2400
2019-10-31,449.75,456.0,446.25,454.5,13600
2019-11-01,464.5,464.75,461.75,461.75,2800
2019-11-05,455.0,461.75,455.0,460.0,2000
2019-11-06,464.0,467.5,464.0,465.0,4400
2019-11-07,465.0,465.0,455.25,460.75,4000
2019-11-08,469.75,469.75,460.0,461.75,4000
2019-11-11,460.75,460.75,420.75,429.25,146000
2019-11-12,425.25,425.25,417.75,418.5,62000
2019-11-13,417.5,419.5,405.25,411.25,41200
2019-11-14,408.5,414.0,407.75,410.75,6800
2019-11-15,407.5,412.25,407.5,412.25,7600
2019-11-18,418.5,427.5,412.5,420.5,18800
2019-11-19,429.75,433.5,429.75,431.25,8400
2019-11-20,431.25,431.25,423.5,428.75,6000
2019-11-21,431.25,431.25,423.5,428.75,6000
2019-11-22,428.75,440.0,428.75,432.25,5600
2019-11-25,430.0,431.0,430.0,431.0,1200
2019-11-26,432.25,432.25,424.5,425.0,7600
2019-11-27,432.25,432.25,424.5,425.0,7600
2019-11-28,422.5,422.5,416.5,417.5,3200
2019-11-29,422.5,422.5,416.5,417.5,3200
2019-12-02,417.75,425.0,417.75,422.5,7200
2019-12-03,431.5,431.5,430.5,430.5,2000
2019-12-04,429.5,429.5,419.25,425.0,9600
2019-12-05,431.5,433.25,424.75,433.25,13200
2019-12-06,426.0,426.0,426.0,426.0,1600
2019-12-09,435.0,435.0,425.25,429.0,7600
2019-12-10,429.0,429.0,420.75,424.75,6800
2019-12-11,425.0,425.25,425.0,425.25,1200
2019-12-12,420.0,420.25,416.75,417.5,16000
2019-12-13,416.5,426.75,408.75,412.5,25600
2019-12-16,422.5,422.5,412.75,416.0,6000
2019-12-17,415.5,419.0,414.0,419.0,4000
2019-12-18,416.0,418.75,414.0,415.25,3600
2019-12-19,412.75,414.75,410.5,410.5,8800
2019-12-20,411.0,412.75,409.5,409.75,18400
2019-12-23,409.75,412.25,406.25,406.25,30800
2019-12-24,406.25,409.75,404.25,409.75,52800
2019-12-25,407.25,412.25,407.25,409.75,8800
2019-12-26,409.75,416.5,408.25,412.75,16400
2019-12-27,413.0,418.25,413.0,417.5,10000
2019-12-30,415.25,415.25,411.75,411.75,2800
2020-01-06,411.25,424.75,410.25,417.5,21600
2020-01-07,422.5,422.5,414.75,414.75,5600
2020-01-08,412.5,415.5,412.5,415.5,2800
2020-01-09,412.5,415.5,412.5,415.5,2800
2020-01-10,422.25,422.25,416.25,417.25,6400
2020-01-14,411.25,411.5,377.5,377.5,112000
2020-01-15,377.5,377.5,367.0,368.25,175600
2020-01-16,362.5,364.25,360.75,360.75,47200
2020-01-17,362.75,370.25,361.5,364.0,20400
2020-01-20,366.25,366.25,362.25,362.25,29200
2020-01-21,365.25,378.75,362.25,363.0,66800
2020-01-22,362.0,363.0,359.5,360.0,83200
2020-01-23,360.25,360.5,355.5,357.0,58800
2020-01-24,356.5,356.5,352.0,352.0,36000
2020-01-27,352.25,352.75,341.25,344.0,65600
2020-01-28,345.75,349.75,345.25,346.75,14800
2020-01-29,349.5,357.5,349.5,350.0,16400
2020-01-30,351.5,353.0,350.0,352.5,18000
2020-01-31,355.75,357.75,351.5,357.75,10400
2020-02-03,350.0,351.0,349.5,350.0,54000
2020-02-04,348.5,352.25,348.5,349.25,40400
2020-02-05,352.5,354.75,350.75,350.75,3200
2020-02-06,350.0,352.75,350.0,352.75,12000
2020-02-07,352.5,354.5,351.5,352.75,8000
2020-02-10,354.0,357.75,350.0,350.0,40400
2020-02-12,352.25,354.0,350.25,350.5,13200
2020-02-13,350.5,356.5,349.75,350.0,23200
2020-02-14,349.75,353.0,349.75,350.75,7200
2020-02-17,350.0,350.0,349.75,350.0,4400
2020-02-18,351.75,355.5,351.75,352.75,36800
2020-02-19,352.75,359.5,352.5,356.0,25600
2020-02-20,355.0,357.25,348.5,349.0,51200
2020-02-21,355.25,356.0,351.5,353.75,7600
2020-02-25,338.0,343.25,332.75,336.25,27600
2020-02-26,337.5,337.5,316.25,317.25,44000
2020-02-27,329.5,329.5,314.25,317.5,19200
2020-02-28,317.5,317.5,301.5,302.75,29200
2020-03-02,305.75,319.25,305.0,309.25,30800
2020-03-03,331.75,331.75,320.0,320.0,13600
2020-03-04,315.75,329.5,314.25,314.25,7200
2020-03-05,315.5,316.25,315.5,316.25,6400
2020-03-06,308.75,315.75,306.75,306.75,16800
2020-03-09,296.25,298.5,278.25,280.0,43200
2020-03-10,253.75,275.75,253.75,275.75,65600
2020-03-11,289.5,291.25,257.0,265.0,42800
2020-03-12,258.0,272.0,255.0,256.5,18400
2020-03-13,247.5,247.5,231.75,241.25,48000
2020-03-16,252.5,254.0,236.5,236.5,15200
2020-03-17,226.25,240.75,225.0,240.75,16400
2020-03-18,240.75,241.0,235.0,235.0,10400
2020-03-19,235.0,235.25,223.0,223.5,23200
2020-03-23,223.25,225.0,216.5,221.0,17600
2020-03-24,228.5,230.5,226.25,230.25,16400
2020-03-25,231.25,246.5,231.25,246.5,22400
2020-03-26,242.75,242.75,228.75,230.0,34800
2020-03-27,229.0,233.75,228.75,233.75,7200
2020-03-30,229.5,236.75,229.5,236.75,14800
2020-03-31,237.0,242.0,231.5,242.0,6000
2020-04-01,242.5,242.5,236.75,237.75,10800
2020-04-02,232.0,235.0,230.0,235.0,2800
2020-04-03,234.5,234.5,228.5,228.5,6400
2020-04-06,225.5,228.5,214.0,228.5,13200
2020-04-07,244.75,244.75,234.75,234.75,2000
2020-04-08,244.75,244.75,239.5,239.5,1200
2020-04-09,239.25,239.25,236.25,236.25,4000
2020-04-10,244.75,244.75,244.75,244.75,400
2020-04-13,261.0,261.75,244.5,245.0,16800
2020-04-14,243.5,256.0,243.5,253.75,2400
2020-04-15,250.5,255.0,250.0,254.25,17200
2020-04-16,250.25,261.5,250.25,260.5,6800
2020-04-17,274.5,274.5,254.5,254.5,13600
2020-04-20,261.5,265.0,254.5,262.75,23600
2020-04-21,262.75,262.75,250.0,250.0,18800
2020-04-22,246.75,250.0,243.25,245.0,12000
2020-04-23,253.25,262.75,253.25,262.75,10400
2020-04-24,255.25,269.75,255.0,260.25,5200
2020-04-27,250.0,263.0,250.0,260.0,6800
2020-04-28,259.25,269.0,258.75,268.0,8000
2020-04-30,267.5,268.0,267.5,268.0,3200
2020-05-01,267.5,268.0,261.25,263.5,28400
2020-05-07,259.0,272.5,250.25,261.75,29200
2020-05-08,265.25,265.25,255.25,255.25,51200
2020-05-11,252.5,266.5,252.5,263.0,32800
2020-05-12,263.0,271.5,263.0,269.25,8400
2020-05-13,268.5,274.75,263.75,272.5,13200
2020-05-14,277.5,300.75,267.5,267.5,16800
2020-05-15,262.5,262.5,253.75,260.0,24800
2020-05-18,273.75,276.0,270.0,276.0,10800
2020-05-19,291.0,293.75,281.25,293.75,11200
2020-05-20,288.5,289.25,268.75,288.0,19200
2020-05-21,290.25,294.0,290.0,294.0,6800
2020-05-22,294.0,294.75,287.5,287.5,31200
2020-05-25,280.0,294.5,274.75,278.5,83600
2020-05-26,275.0,286.25,275.0,285.25,52400
2020-05-27,298.5,298.5,280.0,288.75,12800
2020-05-28,288.75,296.25,280.0,286.75,31200
2020-05-29,286.75,287.75,278.5,278.5,12400
2020-06-01,275.0,275.75,269.5,272.75,84800
2020-06-02,272.75,273.75,268.5,273.75,12400
2020-06-03,272.75,273.75,270.5,270.5,10000
2020-06-04,275.0,279.5,269.5,271.25,24800
2020-06-05,273.25,273.75,268.75,272.0,7200
2020-06-08,280.0,281.25,275.0,280.0,50400
2020-06-09,280.5,280.5,275.5,276.25,18400
2020-06-10,280.0,299.75,280.0,288.75,22000
2020-06-11,300.0,314.75,283.0,295.0,63600
2020-06-12,275.0,282.75,260.0,280.5,46000
2020-06-15,280.5,291.25,275.75,280.5,20800
2020-06-16,295.0,295.0,286.25,288.75,9600
2020-06-17,295.0,295.0,275.0,289.75,24400
2020-06-18,278.5,282.0,272.5,275.0,195200
2020-06-19,275.0,287.25,272.25,277.5,36800
2020-06-22,283.0,283.0,270.0,278.0,32400
2020-06-23,276.25,280.25,276.0,278.5,21600
2020-06-24,280.0,282.5,276.25,277.0,23200
2020-06-25,275.0,276.75,272.75,275.0,8800
2020-06-26,275.0,281.5,275.0,278.75,5600
2020-06-29,274.75,279.25,272.5,272.5,8400
2020-06-30,272.5,275.0,268.75,270.0,9600
2020-07-01,272.25,277.25,268.75,268.75,6400
2020-07-02,270.0,271.25,267.75,267.75,4000
2020-07-03,267.75,274.75,267.75,268.75,1600
2020-07-06,261.25,269.75,258.75,269.75,11600
2020-07-07,268.5,275.25,263.25,275.0,17600
2020-07-08,350.0,350.0,312.25,317.5,661600
2020-07-09,310.0,317.5,298.25,317.5,152400
2020-07-10,310.5,318.0,306.5,308.25,20000
2020-07-13,315.75,315.75,298.75,300.0,39200
2020-07-14,300.5,300.5,293.0,293.75,42800
2020-07-15,295.25,297.5,294.0,294.0,12800
2020-07-16,292.5,296.5,292.5,296.0,18800
2020-07-17,295.0,295.0,290.25,290.25,20000
2020-07-20,291.25,298.0,290.0,291.25,20000
2020-07-21,297.25,300.0,295.0,296.75,6800
2020-07-22,304.75,305.0,298.25,298.5,6000
2020-07-27,297.75,297.75,292.75,292.75,20400
2020-07-28,292.75,297.5,292.75,294.0,4000
2020-07-29,292.75,293.75,287.0,288.0,16000
2020-07-30,288.25,289.5,287.5,287.5,4400
2020-07-31,287.5,287.5,281.75,281.75,42000
2020-08-03,294.75,297.0,287.75,293.25,16800
2020-08-04,303.75,330.0,301.25,313.75,57200
2020-08-05,321.25,326.0,314.5,325.5,66000
2020-08-06,292.25,299.25,288.0,296.25,95600
2020-08-07,297.5,297.5,290.0,290.0,12800
2020-08-11,297.25,297.25,295.5,295.5,4000
2020-08-12,291.0,295.5,291.0,294.75,3600
2020-08-13,294.75,297.75,290.0,295.75,19200
2020-08-14,292.75,297.25,291.25,293.0,12400
2020-08-17,292.5,302.0,292.5,297.0,19200
2020-08-18,304.5,308.75,298.0,308.75,20000
2020-08-19,301.5,309.5,301.5,306.75,4000
2020-08-20,302.75,304.0,302.5,302.5,4400
2020-08-21,308.25,308.25,304.75,306.5,3600
2020-08-24,307.5,307.5,303.0,305.0,8000
2020-08-25,305.0,309.25,305.0,309.25,7200
2020-08-26,312.5,324.25,312.5,319.5,20400
2020-08-27,324.75,337.5,320.25,337.5,39600
2020-08-28,331.5,336.25,312.5,322.5,68400
2020-08-31,322.5,326.0,316.75,322.75,12400
2020-09-01,330.25,332.5,312.5,316.25,30400
2020-09-02,313.25,329.5,312.75,329.5,28800
2020-09-03,332.25,332.25,322.75,322.75,13200
2020-09-04,321.5,324.0,315.0,321.25,25200
2020-09-07,340.0,344.25,328.75,338.25,44400
2020-09-08,341.75,362.0,331.5,360.75,32800
2020-09-09,360.75,360.75,352.0,359.5,10000
2020-09-10,360.0,360.5,356.25,357.25,12000
2020-09-11,362.0,362.25,357.75,362.25,17200
2020-09-14,362.5,362.5,356.75,356.75,13200
2020-09-15,356.75,356.75,345.0,352.25,9200
2020-09-16,352.25,352.25,338.5,347.0,9600
2020-09-17,339.5,346.75,339.5,340.5,8000
2020-09-18,337.5,362.25,335.25,362.25,17200
2020-09-23,353.25,362.5,343.5,357.75,21200
2020-09-24,345.0,356.75,344.5,352.75,7600
2020-09-25,350.0,357.5,350.0,355.5,8400
2020-09-28,348.0,351.0,348.0,350.0,10000
2020-09-29,362.25,362.25,356.0,360.0,5600
2020-09-30,359.75,359.75,354.0,354.0,4000
2020-10-02,357.0,357.0,340.5,340.5,23200
2020-10-05,355.5,355.5,340.0,347.0,21600
2020-10-06,354.5,355.25,350.0,355.0,16000
2020-10-07,362.5,374.5,359.0,374.0,52800
2020-10-08,374.75,392.75,370.0,392.5,55200
2020-10-09,390.0,391.25,379.0,382.75,20000
2020-10-12,379.75,383.5,373.25,375.0,46800
2020-10-13,381.0,382.5,376.5,382.5,10400
2020-10-14,383.0,391.0,380.25,388.5,15600
2020-10-15,388.5,394.75,387.5,388.0,13200
2020-10-16,390.75,392.0,372.75,374.5,26400
2020-10-19,397.5,403.75,389.5,402.5,36400
2020-10-20,403.0,403.0,395.25,395.5,9200
2020-10-21,395.0,410.0,394.25,410.0,16800
2020-10-22,405.0,405.0,392.0,392.25,33200
2020-10-23,399.25,410.0,390.25,402.75,13200
2020-10-26,410.75,410.75,381.0,382.75,22400
2020-10-27,382.75,383.75,377.25,383.25,7600
2020-10-28,391.75,398.5,385.75,386.25,7200
2020-10-29,382.5,390.5,372.75,383.25,16800
2020-10-30,391.5,400.0,385.75,392.0,17200
2020-11-02,402.75,402.75,380.5,401.75,28400
2020-11-04,391.75,393.5,382.25,388.25,37200
2020-11-05,395.0,396.25,389.5,396.25,8000
2020-11-06,416.25,416.25,392.5,392.5,25200
2020-11-09,394.25,410.0,394.25,404.25,19600
2020-11-10,404.75,405.0,400.25,400.5,10400
2020-11-11,405.0,405.0,390.0,399.0,14400
2020-11-12,397.25,402.0,391.0,397.0,15600
2020-11-13,396.5,396.5,381.25,381.25,13600
2020-11-16,381.5,383.0,371.75,371.75,11200
2020-11-17,359.0,369.75,355.25,356.25,31200
2020-11-18,356.25,356.25,340.0,345.0,29600
2020-11-19,346.5,366.25,346.5,362.5,26000
2020-11-20,368.75,375.0,363.75,366.75,6800
2020-11-24,366.25,366.25,352.75,355.25,16400
2020-11-25,370.25,370.25,365.5,365.5,4000
2020-11-26,360.5,362.0,351.25,361.0,3200
2020-11-27,353.5,360.25,353.5,360.25,10800
2020-11-30,360.25,368.25,358.0,358.0,6400
2020-12-01,364.5,378.5,363.5,363.75,19600
2020-12-02,371.25,371.25,358.75,367.0,12800
2020-12-03,367.5,368.0,362.5,367.25,4000
2020-12-04,363.25,370.5,363.25,367.75,3200
2020-12-07,367.75,368.0,357.75,357.75,12000
2020-12-08,355.5,360.0,355.25,358.25,3200
2020-12-09,354.0,364.5,354.0,364.5,10000
2020-12-10,365.5,365.5,363.0,363.0,1200
2020-12-11,375.0,375.0,363.0,363.0,5200
2020-12-14,364.5,364.5,350.0,355.25,8400
2020-12-15,355.25,361.0,355.25,360.25,2400
2020-12-16,362.5,367.0,362.5,366.5,2400
2020-12-17,370.25,373.0,362.5,362.5,12000
2020-12-18,360.5,360.75,356.0,356.0,2000
2020-12-21,362.0,365.25,356.75,356.75,5600
2020-12-22,371.75,371.75,350.0,354.5,9200
2020-12-23,354.5,354.5,350.25,352.25,4800
2020-12-24,352.5,362.5,351.25,358.0,18800
2020-12-25,358.0,358.25,354.75,358.25,19200
2020-12-28,362.0,362.0,350.0,357.0,18800
2020-12-29,351.75,357.5,350.25,351.5,10000
2020-12-30,352.0,354.25,351.5,351.5,6800
2021-01-04,351.5,359.0,350.0,353.5,6000
2021-01-05,350.25,357.75,348.75,348.75,2400
2021-01-06,349.0,350.0,348.75,350.0,4400
2021-01-07,350.0,350.75,347.75,350.25,4400
2021-01-08,349.0,350.25,347.75,347.75,4800
2021-01-12,355.25,357.0,350.25,350.25,10400
2021-01-13,350.5,353.0,349.0,351.5,12000
2021-01-14,351.5,358.5,349.75,350.75,20000
2021-01-15,351.0,351.0,350.0,350.0,10800
2021-01-18,349.0,351.25,348.75,348.75,4800
2021-01-19,348.0,349.0,342.25,347.0,17200
2021-01-20,346.0,349.0,343.0,343.0,13200
2021-01-21,343.25,349.75,343.25,349.75,2400
2021-01-22,348.5,350.0,347.25,347.25,4800
2021-01-25,350.0,351.25,346.25,350.0,6000
2021-01-26,350.0,350.0,346.5,347.0,6800
2021-01-27,353.5,353.75,353.5,353.75,1600
2021-01-28,349.75,353.25,345.0,353.25,13200
2021-01-29,353.25,353.25,353.25,353.25,0
2021-02-01,345.0,350.0,344.0,350.0,3200
2021-02-02,350.0,352.75,345.25,345.5,4800
2021-02-03,345.25,345.25,345.25,345.25,1200
2021-02-04,349.5,350.0,346.5,346.5,8800
2021-02-05,350.0,359.75,350.0,354.0,12800
2021-02-08,426.5,426.5,397.5,406.75,144400
2021-02-09,456.75,456.75,425.0,437.5,81600
2021-02-10,447.5,447.5,429.25,445.0,36800
2021-02-12,447.75,458.75,440.0,440.5,24800
2021-02-15,439.25,439.25,415.5,424.75,42800
2021-02-16,414.75,418.75,376.25,400.25,76000
2021-02-17,402.25,403.75,400.5,400.5,20400
2021-02-18,419.75,425.0,402.75,415.5,19200
2021-02-19,415.5,425.0,407.5,425.0,6400
2021-02-22,415.0,424.0,414.0,424.0,3600
2021-02-24,414.0,414.0,403.75,403.75,8400
2021-02-25,405.5,406.0,405.5,405.5,3200
2021-02-26,401.25,423.0,400.0,423.0,18000
2021-03-01,423.0,423.0,407.5,407.5,6400
2021-03-02,412.5,413.75,412.5,413.75,8000
2021-03-03,413.75,419.25,413.75,413.75,12000
2021-03-04,413.75,413.75,407.5,409.25,7200
2021-03-05,409.25,419.0,409.25,414.5,6800
2021-03-08,414.5,414.5,407.75,407.75,9600
2021-03-09,407.75,418.75,407.75,418.75,6000
2021-03-10,419.0,420.75,415.25,416.75,5200
2021-03-11,422.5,431.75,420.0,430.5,12400
2021-03-12,431.75,435.0,427.5,427.5,7600
2021-03-15,428.75,430.5,420.25,430.25,14000
2021-03-16,429.25,429.25,415.0,415.0,5200
2021-03-17,415.25,422.0,410.25,421.75,22800
2021-03-18,421.75,426.75,420.0,422.5,3600
2021-03-19,427.5,431.0,417.5,417.5,10800
2021-03-22,427.5,432.25,425.0,427.5,6800
2021-03-23,427.5,443.25,427.5,443.25,24400
2021-03-24,443.75,487.5,443.5,482.25,53200
2021-03-25,482.25,490.0,461.75,472.25,20400
2021-03-26,472.25,475.0,465.0,467.75,12000
2021-03-29,467.75,480.0,467.75,475.0,14800
2021-03-30,477.5,477.5,465.0,469.25,7200
2021-03-31,469.25,469.25,449.0,455.25,14400
2021-04-01,455.25,455.25,439.5,447.0,17200
2021-04-02,444.25,482.0,442.75,482.0,15600
2021-04-05,475.0,482.0,456.25,478.75,35600
2021-04-06,478.25,478.25,470.0,470.0,5200
2021-04-07,480.0,564.75,480.0,516.0,122400
2021-04-08,522.0,541.5,505.5,518.75,42000
2021-04-09,518.75,523.5,500.0,500.0,25200
2021-04-12,512.5,517.0,496.75,498.25,12000
2021-04-13,498.5,498.5,482.5,484.75,18000
2021-04-14,504.0,504.0,486.5,487.0,2400
2021-04-15,497.0,498.5,488.75,498.5,6800
2021-04-16,489.5,500.5,489.5,491.75,6400
2021-04-19,503.5,503.5,480.25,498.0,14000
2021-04-20,485.25,493.25,483.0,485.0,7200
2021-04-21,484.0,494.5,480.0,494.5,12000
2021-04-22,492.0,497.5,485.25,497.5,4400
2021-04-23,486.25,486.25,481.25,481.25,10000
2021-04-26,491.25,498.75,486.0,498.25,10000
2021-04-27,500.0,524.25,500.0,519.5,27200
2021-04-28,519.5,519.5,512.5,517.25,9600
2021-04-30,505.5,515.25,492.5,496.25,18000
2021-05-06,506.25,506.25,500.0,500.0,6800
2021-05-07,502.5,503.5,502.5,503.5,2400
2021-05-10,516.0,519.75,508.25,516.75,19600
2021-05-11,518.0,519.75,497.75,514.5,20800
2021-05-12,503.25,505.75,491.25,494.0,34400
2021-05-13,485.0,485.0,455.75,460.0,60000
2021-05-14,465.0,476.5,465.0,476.5,8800
2021-05-17,486.0,486.0,460.0,467.5,11600
2021-05-18,460.0,474.25,438.0,471.75,18800
2021-05-19,458.5,460.0,458.5,460.0,3200
2021-05-20,456.5,470.75,456.5,470.75,16000
2021-05-21,460.75,485.0,459.5,473.25,17200
2021-05-24,471.75,471.75,463.0,469.0,5600
2021-05-25,472.5,476.0,470.0,470.25,3600
2021-05-26,468.75,470.5,465.75,465.75,10800
2021-05-27,483.75,483.75,462.75,476.0,14800
2021-05-28,470.25,475.0,463.25,463.25,14000
2021-05-31,455.0,471.0,455.0,471.0,10800
2021-06-01,472.25,472.25,470.0,470.0,1200
2021-06-02,468.75,482.25,462.5,466.75,10400
2021-06-03,467.5,470.0,467.5,470.0,800
2021-06-04,475.0,475.25,475.0,475.0,3200
2021-06-07,465.0,475.0,465.0,468.75,9200
2021-06-08,466.0,466.5,453.75,453.75,14400
2021-06-09,455.25,456.25,450.5,450.75,8000
2021-06-10,460.75,460.75,435.25,459.75,8800
2021-06-11,461.5,461.5,451.5,451.5,4800
2021-06-14,441.5,453.0,441.5,445.0,2400
2021-06-15,450.0,451.75,443.0,451.75,2000
2021-06-16,449.5,452.75,443.5,452.75,1600
2021-06-17,455.25,456.25,450.0,453.25,5200
2021-06-18,453.25,453.75,447.75,447.75,4000
2021-06-21,442.5,445.0,441.5,441.5,10400
2021-06-22,441.5,462.0,441.5,450.0,4000
2021-06-23,450.0,450.0,443.0,443.0,4000
2021-06-24,443.0,446.0,442.75,442.75,6000
2021-06-25,445.5,445.5,442.0,442.0,5200
2021-06-28,448.5,458.75,448.5,451.0,3200
2021-06-29,458.5,458.5,445.0,445.0,1600
2021-06-30,450.0,460.0,449.75,457.25,4000
2021-07-01,460.75,470.75,450.0,457.0,7200
2021-07-02,454.0,456.25,454.0,456.25,1600
2021-07-05,456.25,457.75,450.5,450.5,9600
2021-07-06,452.5,454.5,452.5,454.5,2000
2021-07-07,446.25,455.0,442.75,454.75,12800
2021-07-08,448.0,453.75,448.0,453.75,3200
2021-07-09,447.75,447.75,447.75,447.75,400
2021-07-12,467.75,467.75,446.5,453.25,10000
2021-07-13,455.0,455.0,455.0,455.0,800
2021-07-14,454.0,455.0,454.0,455.0,3200
2021-07-15,457.25,457.25,451.5,452.25,7200
2021-07-16,450.25,453.75,450.25,453.75,2400
2021-07-19,450.0,455.0,450.0,454.75,1600
2021-07-20,450.0,450.0,447.0,447.0,1200
2021-07-21,446.5,450.0,445.5,450.0,3600
2021-07-26,450.0,450.0,450.0,450.0,800
2021-07-27,450.25,450.25,446.25,446.25,1600
2021-07-28,445.25,446.25,445.25,446.25,3600
2021-07-29,446.0,450.0,446.0,450.0,5600
2021-07-30,453.0,453.0,453.0,453.0,1600
2021-08-02,446.5,451.0,445.5,445.5,2000
2021-08-03,445.5,456.0,445.5,456.0,2400
2021-08-04,456.0,457.25,455.5,457.0,2800
2021-08-05,460.25,487.75,447.5,450.0,26800
2021-08-06,449.5,452.75,449.5,452.75,2400
2021-08-10,445.5,451.5,445.5,447.5,6000
2021-08-11,457.5,459.5,445.0,450.0,14400
2021-08-12,452.25,452.5,445.25,445.25,6000
2021-08-13,449.75,452.5,445.0,448.75,17600
2021-08-16,438.75,445.25,431.25,434.5,24000
2021-08-17,434.0,441.0,425.0,425.0,12800
2021-08-18,425.0,439.25,416.5,427.25,9200
2021-08-19,427.25,430.0,422.5,422.5,10400
2021-08-20,422.5,422.5,395.25,401.75,33600
2021-08-23,405.25,411.0,405.25,410.75,2800
2021-08-24,410.75,424.0,410.75,424.0,6000
2021-08-25,426.5,435.75,426.5,435.75,2400
2021-08-26,435.75,437.25,427.25,431.0,2800
2021-08-27,426.5,426.5,419.75,419.75,1200
2021-08-30,425.25,425.25,425.0,425.0,800
2021-08-31,426.25,430.75,426.25,430.75,1200
2021-09-01,428.25,428.75,427.5,428.75,2400
2021-09-02,429.5,429.5,428.75,428.75,2800
2021-09-03,429.25,429.25,429.25,429.25,2000
2021-09-06,439.25,439.5,420.5,433.25,8400
2021-09-07,423.25,423.75,410.0,410.75,17200
2021-09-08,407.75,417.75,407.75,417.75,2400
2021-09-09,415.75,415.75,412.75,412.75,9600
2021-09-10,422.75,422.75,405.5,406.5,16400
2021-09-13,416.5,416.5,405.75,405.75,9600
2021-09-14,406.5,407.5,398.75,400.0,50400
2021-09-15,401.25,415.0,401.25,412.0,17600
2021-09-16,410.25,414.75,409.5,409.5,7600
2021-09-17,417.5,420.0,408.5,412.75,14400
2021-09-21,416.0,416.0,411.0,411.0,4400
2021-09-22,409.0,410.75,406.5,410.75,3200
2021-09-24,412.0,412.0,408.0,408.0,2000
2021-09-27,408.0,435.75,408.0,427.0,12800
2021-09-28,423.75,427.75,415.0,416.25,8400
2021-09-29,415.0,417.25,411.5,417.25,4800
2021-09-30,417.5,417.75,417.25,417.25,3200
2021-10-01,410.75,412.5,403.0,412.5,16000
2021-10-04,412.25,412.25,407.75,410.0,12000
2021-10-05,407.5,413.5,407.5,413.5,10000
2021-10-06,407.5,407.75,407.5,407.75,1200
2021-10-07,408.0,411.25,408.0,410.0,4000
2021-10-08,407.75,412.5,403.75,408.75,13200
2021-10-11,416.25,416.25,412.5,412.5,2400
2021-10-12,409.0,409.0,407.25,407.5,3200
2021-10-13,405.25,405.25,404.5,404.5,3600
2021-10-14,409.25,412.25,406.5,406.5,2000
2021-10-15,411.25,420.5,410.5,410.5,2000
2021-10-18,418.25,418.25,416.5,416.75,5600
2021-10-19,412.5,427.5,412.5,427.5,11200
2021-10-20,453.0,454.25,427.75,428.75,8400
2021-10-21,440.25,440.25,427.25,432.5,4400
2021-10-22,425.25,426.25,425.25,426.25,3600
2021-10-25,430.5,430.75,417.5,417.5,6400
2021-10-26,434.75,434.75,431.5,431.5,2800
2021-10-27,421.75,431.5,421.75,431.5,1200
2021-10-28,421.5,438.75,421.5,438.0,3600
2021-10-29,438.75,438.75,414.75,437.5,6800
2021-11-01,440.0,462.5,430.0,462.5,7600
2021-11-02,442.5,448.25,425.0,448.25,8000
2021-11-04,448.25,448.25,448.0,448.0,2800
2021-11-05,438.0,442.5,429.0,442.5,1600
2021-11-08,448.0,448.0,425.0,425.0,22000
2021-11-09,415.0,415.0,402.5,410.0,26800
2021-11-10,403.0,430.5,402.75,410.25,21200
2021-11-11,440.25,443.5,413.0,433.0,6800
2021-11-12,429.5,429.5,415.75,415.75,4000
2021-11-15,415.75,415.75,415.75,415.75,0
2021-11-16,415.75,415.75,415.75,415.75,0
2021-11-17,425.75,427.0,416.75,424.5,10400
2021-11-18,424.5,427.25,424.5,425.25,4800
2021-11-19,407.75,423.0,402.5,403.25,32400
2021-11-22,403.25,412.0,403.25,412.0,5600
2021-11-24,415.0,417.25,415.0,417.25,800
2021-11-25,412.5,412.5,412.5,412.5,400
2021-11-26,412.5,412.5,404.75,404.75,3600
2021-11-29,404.75,412.5,400.75,401.25,16800
2021-11-30,401.25,401.25,401.25,401.25,800
2021-12-01,404.75,410.0,404.75,410.0,6800
2021-12-02,402.25,402.25,402.25,402.25,1200
2021-12-03,402.5,413.0,402.5,406.0,2000
2021-12-06,406.0,409.75,406.0,409.75,1200
2021-12-07,407.75,414.5,402.25,402.5,4400
2021-12-08,400.25,402.5,398.0,400.75,4800
2021-12-09,410.75,410.75,410.75,410.75,800
2021-12-10,393.25,393.25,392.75,392.75,5600
2021-12-13,412.5,412.5,385.5,393.0,4400
2021-12-14,385.5,393.0,385.5,393.0,800
2021-12-15,385.5,385.75,385.5,385.75,1200
2021-12-16,385.5,385.5,385.5,385.5,2800
2021-12-17,385.5,395.5,385.5,385.5,2400
2021-12-20,385.25,387.75,376.0,377.5,6800
2021-12-21,375.0,377.25,372.75,372.75,3200
2021-12-22,373.75,377.0,373.75,376.5,2400
2021-12-23,375.0,385.0,375.0,385.0,800
2021-12-24,375.0,376.5,367.75,367.75,10000
2021-12-27,374.75,374.75,365.5,373.0,1600
2021-12-28,370.0,370.0,349.75,360.75,12400
2021-12-29,362.75,362.75,349.75,361.25,6000
2021-12-30,368.75,368.75,368.75,368.75,400
2022-01-04,353.25,353.25,349.75,350.25,4000
2022-01-05,350.0,350.25,350.0,350.25,2000
2022-01-06,350.0,350.0,350.0,350.0,800
2022-01-07,349.75,349.75,345.25,345.25,3600
2022-01-11,360.25,367.75,342.75,342.75,8000
2022-01-12,340.25,343.0,335.0,343.0,5200
2022-01-13,337.25,337.25,337.25,337.25,400
2022-01-14,336.25,336.25,336.25,336.25,4000
2022-01-17,334.25,348.75,334.25,347.5,4400
2022-01-18,347.5,347.5,347.5,347.5,0
2022-01-19,335.25,337.0,312.75,322.0,12800
2022-01-20,320.0,322.5,307.5,307.5,3600
2022-01-21,320.5,352.25,320.5,323.5,19200
2022-01-24,309.0,321.25,309.0,321.25,7600
2022-01-25,311.5,321.25,311.5,321.25,4000
2022-01-26,321.5,321.5,321.5,321.5,800
2022-01-27,329.0,329.0,329.0,329.0,400
2022-01-28,331.25,331.25,316.5,316.5,800
2022-01-31,331.5,331.5,331.5,331.5,400
2022-02-01,331.5,331.5,331.5,331.5,0
2022-02-02,319.25,327.0,319.25,327.0,2000
2022-02-03,319.75,319.75,319.75,319.75,800
2022-02-04,319.75,319.75,310.0,310.0,3600
2022-02-07,310.0,310.0,310.0,310.0,2000
2022-02-08,310.75,318.75,310.75,312.75,3600
2022-02-09,313.0,322.25,313.0,322.25,3200
2022-02-10,314.75,314.75,313.0,313.0,2000
2022-02-14,320.5,320.5,313.0,313.0,2400
2022-02-15,313.0,313.0,313.0,313.0,0
2022-02-16,313.0,313.0,313.0,313.0,0
2022-02-17,313.75,313.75,312.5,312.5,2400
2022-02-18,312.5,312.5,311.5,311.5,1600
2022-02-21,311.5,328.0,311.5,328.0,1600
2022-02-22,328.0,328.0,328.0,328.0,0
2022-02-24,320.0,320.0,310.0,310.0,6400
2022-02-25,304.75,304.75,304.0,304.0,800
2022-02-28,300.75,315.25,300.75,315.25,3600
2022-03-01,306.25,306.25,306.25,306.25,400
2022-03-02,304.25,304.25,303.25,303.25,1600
2022-03-03,303.25,303.25,303.25,303.25,400
2022-03-04,310.75,312.25,302.25,302.25,2400
2022-03-07,309.75,309.75,305.25,305.25,800
2022-03-08,311.75,311.75,311.75,311.75,400
2022-03-09,311.75,313.0,310.0,313.0,3600
2022-03-10,318.75,318.75,318.25,318.25,1200
2022-03-11,330.75,330.75,323.25,326.0,3600
2022-03-14,331.0,331.0,320.0,320.0,3600
2022-03-15,312.5,317.25,312.5,317.25,1200
2022-03-16,332.25,332.25,321.25,321.75,4000
2022-03-17,320.5,320.5,320.5,320.5,400
2022-03-18,325.0,325.25,325.0,325.0,1200
2022-03-22,326.25,326.25,317.5,317.5,1600
2022-03-23,317.5,325.0,317.5,323.5,1600
2022-03-24,316.0,320.0,316.0,320.0,1200
2022-03-25,312.75,320.0,312.5,320.0,2400
2022-03-28,320.0,320.0,318.75,318.75,1600
2022-03-29,318.75,318.75,318.75,318.75,0
2022-03-30,317.75,317.75,317.75,317.75,800
2022-03-31,320.0,320.0,312.75,312.75,6400
2022-04-01,312.75,312.75,312.75,312.75,0
2022-04-04,312.75,312.75,303.0,303.0,38400
2022-04-05,302.5,316.25,300.0,316.25,23600
2022-04-06,317.5,318.75,310.25,310.25,4400
2022-04-07,317.75,332.25,317.75,326.25,2400
2022-04-08,332.0,332.5,317.0,332.5,10400
2022-04-11,337.5,337.5,320.25,326.25,12000
2022-04-12,318.75,320.0,314.75,318.0,7600
2022-04-13,318.0,318.0,310.0,310.0,4800
2022-04-14,309.0,309.0,309.0,309.0,800
2022-04-15,309.0,309.0,309.0,309.0,0
2022-04-18,306.5,314.0,306.25,307.75,4400
2022-04-19,307.75,307.75,307.75,307.75,0
2022-04-20,307.75,307.75,307.75,307.75,0
2022-04-21,307.75,307.75,307.75,307.75,0
2022-04-22,307.75,314.75,307.5,314.75,2800
2022-04-25,314.75,314.75,314.75,314.75,0
2022-04-26,313.75,313.75,313.75,313.75,400
2022-04-27,317.25,317.5,317.25,317.25,1600
2022-04-28,309.75,317.0,309.75,317.0,1600
2022-05-02,317.0,317.0,317.0,317.0,0
2022-05-06,317.0,317.0,317.0,317.0,0
2022-05-09,315.25,315.25,315.25,315.25,400
2022-05-10,312.25,312.5,311.5,312.5,4400
2022-05-11,312.5,317.25,311.0,311.0,13600
2022-05-12,311.5,311.5,306.5,306.5,6800
2022-05-13,306.75,312.25,306.25,312.25,2000
2022-05-16,305.5,311.75,305.25,311.75,2000
2022-05-17,304.5,304.5,302.75,302.75,5600
2022-05-18,300.75,309.25,300.75,301.25,5200
2022-05-19,301.25,301.25,300.0,300.0,1600
2022-05-20,300.0,307.5,295.25,302.25,10400
2022-05-23,302.25,309.75,302.25,309.75,1200
2022-05-24,302.25,308.5,300.75,307.0,6800
2022-05-25,300.75,300.75,300.0,300.0,3200
2022-05-26,300.25,302.75,300.0,300.0,4000
2022-05-27,300.0,303.5,297.75,297.75,6000
2022-05-30,298.0,303.75,298.0,303.5,2800
2022-05-31,300.25,300.25,300.0,300.25,3600
2022-06-01,300.0,300.0,300.0,300.0,3200
2022-06-02,300.0,304.5,300.0,300.25,4800
2022-06-03,300.0,304.25,300.0,300.25,5600
2022-06-06,298.75,298.75,298.0,298.0,1200
2022-06-07,335.5,335.5,302.25,302.5,90800
2022-06-08,303.0,308.0,302.75,308.0,15200
2022-06-09,307.5,307.5,300.5,302.5,13200
2022-06-10,302.5,302.5,300.5,300.5,6400
2022-06-13,300.5,302.5,299.5,300.0,18400
2022-06-14,300.0,301.25,300.0,300.25,4800
2022-06-15,300.25,300.5,287.5,287.5,21200
2022-06-16,287.5,287.5,287.5,287.5,0
2022-06-17,294.75,294.75,287.5,287.5,800
2022-06-20,287.5,287.5,280.0,280.0,11200
2022-06-21,279.5,279.5,279.5,279.5,800
2022-06-22,279.5,279.5,279.5,279.5,0
2022-06-23,294.25,294.25,278.75,278.75,8400
2022-06-24,278.0,281.75,278.0,281.75,4800
2022-06-27,289.25,289.25,281.25,281.25,4400
2022-06-28,281.25,283.25,279.25,281.0,33200
2022-06-29,281.0,286.25,280.0,286.25,24000
2022-06-30,291.5,291.5,281.5,281.5,19600
2022-07-01,281.25,282.5,275.0,275.25,38400
2022-07-04,279.5,282.25,276.75,276.75,5600
2022-07-05,275.75,282.75,275.75,276.75,8000
2022-07-06,298.5,299.75,287.25,293.75,147200
2022-07-07,293.75,298.75,282.75,298.75,79600
2022-07-08,295.75,295.75,286.25,288.25,39200
2022-07-11,295.75,295.75,286.5,287.75,28400
2022-07-12,288.75,288.75,285.25,286.25,30000
2022-07-13,286.25,286.75,285.5,286.5,14400
2022-07-14,285.5,287.5,285.5,287.0,4800
2022-07-15,286.75,288.25,285.25,285.5,15600
2022-07-19,289.75,289.75,285.75,287.25,10800
2022-07-20,287.5,288.0,286.25,287.0,12000
2022-07-21,286.25,289.5,286.25,286.75,9200
2022-07-22,286.75,288.75,286.75,286.75,3200
2022-07-25,286.25,288.5,285.75,286.75,12800
2022-07-26,285.5,289.5,285.5,289.25,9600
2022-07-27,288.5,288.75,286.0,286.5,24400
2022-07-28,285.75,287.25,285.75,286.25,16400
2022-07-29,286.25,289.25,286.0,287.75,4800
2022-08-01,290.5,290.5,288.0,288.5,19200
2022-08-02,295.25,295.25,289.0,290.75,40800
2022-08-03,293.75,299.75,289.75,299.5,49200
2022-08-04,274.75,275.75,263.75,273.25,223600
2022-08-05,279.0,280.75,276.75,278.25,76000
2022-08-08,278.25,278.5,275.5,277.5,37600
2022-08-09,275.75,277.5,274.5,277.5,38000
2022-08-10,277.5,277.5,274.25,274.25,11200
2022-08-12,277.0,277.0,273.75,273.75,20400
2022-08-15,273.75,274.25,270.25,270.5,31200
2022-08-16,270.5,271.25,270.5,271.0,14000
2022-08-17,271.25,271.25,270.5,271.0,6800
2022-08-18,271.0,271.5,270.0,271.5,12400
2022-08-19,271.5,274.0,269.75,273.25,31600
2022-08-22,270.25,273.0,270.0,272.25,20400
2022-08-23,272.0,274.75,270.25,272.75,14400
2022-08-24,271.5,272.25,271.5,271.75,8400
2022-08-25,272.0,272.25,271.5,272.0,9600
2022-08-26,273.5,275.0,271.75,272.75,18800
2022-08-29,271.25,271.25,269.5,269.5,12800
2022-08-30,272.0,272.0,269.5,269.5,5200
2022-08-31,269.25,270.25,269.25,270.25,6800
2022-09-01,275.5,275.5,272.0,272.25,8000
2022-09-02,272.25,272.75,270.0,270.0,8000
2022-09-05,270.0,270.0,270.0,270.0,0
2022-09-06,275.0,278.25,271.5,273.25,11200
2022-09-07,272.5,272.5,272.5,272.5,400
2022-09-08,275.0,276.5,274.75,275.75,6400
2022-09-09,276.25,276.25,273.5,276.0,8400
2022-09-12,277.25,277.25,274.0,276.25,3600
2022-09-13,274.25,274.5,273.75,273.75,6000
2022-09-14,273.75,274.5,270.75,271.25,3600
2022-09-15,271.25,275.0,270.5,275.0,4000
2022-09-16,271.0,274.75,271.0,274.75,1600
2022-09-20,274.75,279.75,274.75,278.0,2800
2022-09-21,275.0,278.25,273.0,277.25,13200
2022-09-22,275.25,276.75,273.75,273.75,8000
2022-09-26,273.75,279.25,272.25,273.75,28800
2022-09-27,274.5,276.0,272.25,276.0,1600
2022-09-28,276.5,276.5,271.75,273.75,4400
2022-09-29,271.5,274.5,271.5,274.5,800
2022-09-30,271.75,271.75,271.5,271.75,2000
2022-10-03,270.75,271.5,270.25,270.25,12000
2022-10-04,275.0,275.0,274.75,274.75,2000
2022-10-05,273.75,274.0,273.75,274.0,1200
2022-10-06,274.25,282.25,274.25,279.0,16400
2022-10-07,278.25,278.5,273.75,273.75,3600
2022-10-11,274.75,277.0,273.5,276.0,6000
2022-10-12,276.0,276.0,276.0,276.0,0
2022-10-13,275.75,276.25,275.75,276.25,2400
2022-10-14,276.75,277.5,273.75,274.5,5200
2022-10-17,278.75,278.75,277.25,277.5,2800
2022-10-18,277.5,279.0,275.0,277.25,14000
2022-10-19,277.25,277.25,277.25,277.25,0
2022-10-20,277.25,277.25,277.25,277.25,0
2022-10-21,275.0,275.5,275.0,275.25,4400
2022-10-24,276.25,281.5,275.25,281.5,9600
2022-10-25,282.75,285.0,281.25,285.0,8400
2022-10-26,285.0,290.0,285.0,285.0,1200
2022-10-27,285.0,285.0,285.0,285.0,0
2022-10-28,282.5,282.5,280.5,280.75,4000
2022-10-31,279.5,282.5,279.5,280.75,2800
2022-11-01,281.0,281.0,280.25,280.25,2800
2022-11-02,280.5,280.5,280.0,280.0,1200
2022-11-04,278.25,280.75,278.25,280.75,3200
2022-11-07,281.25,288.0,280.0,280.5,6000
2022-11-08,284.25,288.0,283.75,284.5,5200
2022-11-09,295.0,296.25,290.5,293.5,19600
2022-11-10,297.75,302.5,295.5,302.5,20000
2022-11-11,306.25,306.25,296.25,301.75,14800
2022-11-14,304.0,304.0,303.5,303.5,4400
2022-11-15,298.75,299.0,294.25,294.25,18000
2022-11-16,293.25,293.5,291.75,291.75,19200
2022-11-17,290.5,293.25,290.5,293.25,800
2022-11-18,293.5,295.0,291.25,291.25,5200
2022-11-21,295.0,295.0,291.25,293.5,2400
2022-11-22,295.0,297.0,293.75,297.0,5200
2022-11-24,297.5,298.5,296.25,298.5,10800
2022-11-25,298.5,304.0,298.5,303.25,13200
2022-11-28,304.75,312.0,302.0,312.0,16400
2022-11-29,312.25,313.75,309.5,313.0,20400
2022-11-30,307.75,311.25,307.75,311.25,800
2022-12-01,312.0,315.0,311.75,315.0,11200
2022-12-02,390.0,390.0,390.0,390.0,34000
2022-12-05,490.0,490.0,391.25,397.0,1512800
2022-12-06,387.5,387.5,361.25,370.25,258400
2022-12-07,371.25,382.75,371.25,375.75,60000
2022-12-08,375.0,375.0,365.0,368.75,33200
2022-12-09,370.0,371.25,362.5,370.0,42000
2022-12-12,380.0,382.75,367.5,370.75,24000
2022-12-13,368.75,375.0,365.75,372.5,20800
2022-12-14,367.75,375.0,367.75,371.5,22000
2022-12-15,372.5,380.0,371.25,376.25,12400
2022-12-16,371.25,376.25,368.75,373.0,16400
2022-12-19,373.0,380.0,369.0,376.25,18000
2022-12-20,373.0,379.25,366.5,367.0,27200
2022-12-21,367.0,367.0,357.0,363.75,25200
2022-12-22,365.0,374.0,365.0,372.75,18800
2022-12-23,372.5,372.75,366.5,370.0,14000
2022-12-26,374.75,374.75,369.0,369.5,11600
2022-12-27,374.75,374.75,367.5,374.75,14400
2022-12-28,372.25,373.5,362.75,365.25,25600
2022-12-29,355.0,362.0,335.0,351.0,15300
2022-12-30,345.0,358.0,339.0,351.0,18000
2023-01-04,343.0,350.0,341.0,344.0,10800
2023-01-05,341.0,350.0,339.0,342.0,14100
2023-01-06,342.0,348.0,340.0,343.0,6400
2023-01-10,348.0,348.0,340.0,340.0,6100
2023-01-11,354.0,355.0,342.0,349.0,16600
2023-01-12,351.0,352.0,346.0,346.0,3900
2023-01-13,347.0,350.0,345.0,347.0,6200
2023-01-16,349.0,349.0,341.0,342.0,9000
2023-01-17,346.0,346.0,336.0,343.0,5100
2023-01-18,346.0,346.0,338.0,340.0,8400
2023-01-19,339.0,339.0,334.0,336.0,6700
2023-01-20,338.0,341.0,334.0,339.0,4500
2023-01-23,344.0,350.0,341.0,348.0,10800
2023-01-24,348.0,352.0,346.0,346.0,11500
2023-01-25,352.0,352.0,347.0,348.0,4200
2023-01-26,347.0,354.0,347.0,352.0,7000
2023-01-27,368.0,387.0,360.0,372.0,42100
2023-01-30,380.0,380.0,361.0,368.0,18500
2023-01-31,372.0,372.0,361.0,361.0,8600
2023-02-01,367.0,367.0,360.0,366.0,2100
2023-02-02,366.0,379.0,360.0,373.0,15100
2023-02-03,374.0,394.0,370.0,394.0,51300
2023-02-06,415.0,474.0,415.0,474.0,1011100
2023-02-07,455.0,456.0,427.0,427.0,356800
2023-02-08,435.0,489.0,432.0,435.0,265400
2023-02-09,431.0,459.0,426.0,445.0,81500
2023-02-10,438.0,439.0,421.0,430.0,69500
2023-02-13,444.0,452.0,432.0,439.0,24700
2023-02-14,440.0,447.0,425.0,425.0,36800
2023-02-15,427.0,435.0,426.0,426.0,16300
2023-02-16,435.0,480.0,435.0,480.0,101200
2023-02-17,460.0,487.0,460.0,466.0,56800
2023-02-20,479.0,484.0,464.0,482.0,40000
2023-02-21,480.0,480.0,472.0,476.0,18000
2023-02-22,472.0,496.0,471.0,496.0,40400
2023-02-24,504.0,509.0,486.0,486.0,41400
2023-02-27,486.0,496.0,486.0,494.0,12100
2023-02-28,502.0,507.0,495.0,502.0,20100
2023-03-01,502.0,505.0,495.0,501.0,13600
2023-03-02,505.0,505.0,492.0,499.0,17000
2023-03-03,504.0,504.0,465.0,476.0,30400
2023-03-06,484.0,499.0,482.0,489.0,28200
2023-03-07,485.0,487.0,478.0,480.0,20000
2023-03-08,478.0,493.0,476.0,484.0,30000
2023-03-09,484.0,488.0,480.0,482.0,12200
2023-03-10,486.0,486.0,480.0,480.0,9600
2023-03-13,464.0,470.0,453.0,460.0,24700
2023-03-14,457.0,457.0,429.0,438.0,28600
2023-03-15,459.0,474.0,450.0,467.0,16300
2023-03-16,459.0,461.0,443.0,451.0,13200
2023-03-17,465.0,471.0,452.0,452.0,5700
2023-03-20,473.0,504.0,465.0,492.0,95200
2023-03-22,500.0,507.0,477.0,478.0,53500
2023-03-23,478.0,496.0,473.0,490.0,18600
2023-03-24,490.0,491.0,479.0,491.0,8200
2023-03-27,491.0,491.0,470.0,486.0,10900
2023-03-28,491.0,491.0,476.0,481.0,7200
2023-03-29,478.0,485.0,477.0,483.0,6200
2023-03-30,480.0,529.0,480.0,500.0,60100
2023-03-31,510.0,518.0,497.0,498.0,26000
2023-04-03,503.0,521.0,490.0,511.0,35200
2023-04-04,524.0,524.0,503.0,516.0,33500
2023-04-05,524.0,567.0,504.0,523.0,225800
2023-04-06,523.0,523.0,507.0,507.0,38100
2023-04-07,520.0,546.0,518.0,539.0,71000
2023-04-10,585.0,590.0,549.0,577.0,151100
2023-04-11,590.0,607.0,564.0,576.0,61200
2023-04-12,575.0,575.0,558.0,570.0,29000
2023-04-13,588.0,588.0,561.0,564.0,28600
2023-04-14,562.0,567.0,541.0,553.0,27800
2023-04-17,555.0,598.0,555.0,597.0,93800
2023-04-18,597.0,599.0,566.0,572.0,29200
2023-04-19,573.0,575.0,562.0,573.0,20400
2023-04-20,591.0,599.0,575.0,596.0,31200
2023-04-21,596.0,596.0,565.0,572.0,51300
2023-04-24,575.0,583.0,560.0,560.0,21600
2023-04-25,561.0,566.0,560.0,563.0,11500
2023-04-26,560.0,583.0,557.0,566.0,32500
2023-04-27,564.0,572.0,560.0,561.0,15100
2023-04-28,581.0,581.0,555.0,558.0,25700
2023-05-01,558.0,569.0,554.0,567.0,13300
2023-05-02,575.0,594.0,568.0,588.0,33600
2023-05-08,611.0,648.0,611.0,633.0,90200
2023-05-09,653.0,670.0,622.0,627.0,60800
2023-05-10,626.0,630.0,602.0,624.0,36800
2023-05-11,640.0,640.0,590.0,592.0,46000
2023-05-12,597.0,619.0,580.0,612.0,60000
2023-05-15,605.0,605.0,580.0,601.0,35500
2023-05-16,598.0,630.0,590.0,630.0,27800
2023-05-17,626.0,626.0,609.0,620.0,19600
2023-05-18,621.0,624.0,605.0,612.0,13700
2023-05-19,608.0,628.0,608.0,620.0,27200
2023-05-22,625.0,654.0,625.0,652.0,31800
2023-05-23,655.0,655.0,613.0,627.0,42500
2023-05-24,617.0,634.0,616.0,630.0,17300
2023-05-25,630.0,645.0,627.0,638.0,17600
2023-05-26,648.0,655.0,633.0,654.0,27300
2023-05-29,659.0,659.0,633.0,633.0,29100
2023-05-30,634.0,665.0,634.0,653.0,39900
2023-05-31,663.0,720.0,660.0,682.0,109200
2023-06-01,680.0,682.0,660.0,676.0,27500
2023-06-02,682.0,702.0,679.0,700.0,27700
2023-06-05,714.0,714.0,671.0,696.0,53600
2023-06-06,736.0,765.0,728.0,747.0,165200
2023-06-07,760.0,762.0,733.0,745.0,60800
2023-06-08,731.0,737.0,692.0,700.0,76700
2023-06-09,715.0,759.0,715.0,756.0,57800
2023-06-12,765.0,784.0,738.0,784.0,83500
2023-06-13,785.0,828.0,776.0,780.0,86300
2023-06-14,786.0,814.0,777.0,807.0,48000
2023-06-15,807.0,810.0,772.0,780.0,67700
2023-06-16,787.0,789.0,766.0,786.0,37300
2023-06-19,789.0,789.0,750.0,766.0,56400
2023-06-20,766.0,766.0,721.0,745.0,76000
2023-06-21,733.0,736.0,717.0,723.0,58900
2023-06-22,728.0,758.0,728.0,741.0,51500
2023-06-23,742.0,751.0,712.0,736.0,54800
2023-06-26,735.0,750.0,722.0,747.0,22500
2023-06-27,735.0,735.0,715.0,722.0,30600
2023-06-28,737.0,759.0,725.0,751.0,53000
2023-06-29,752.0,774.0,742.0,772.0,35600
2023-06-30,779.0,779.0,756.0,766.0,30700
2023-07-03,762.0,781.0,762.0,765.0,38500
2023-07-04,763.0,786.0,757.0,779.0,25900
2023-07-05,770.0,770.0,753.0,754.0,26100
2023-07-06,741.0,749.0,658.0,670.0,266600
2023-07-07,664.0,705.0,650.0,696.0,80000
2023-07-10,706.0,708.0,681.0,698.0,45600
2023-07-11,708.0,726.0,708.0,715.0,36500
2023-07-12,710.0,723.0,693.0,697.0,29800
2023-07-13,707.0,722.0,692.0,716.0,27100
2023-07-14,712.0,734.0,709.0,725.0,29600
2023-07-18,729.0,753.0,729.0,740.0,27700
2023-07-19,755.0,756.0,723.0,727.0,23200
2023-07-20,731.0,736.0,715.0,716.0,30500
2023-07-21,707.0,713.0,693.0,704.0,26800
2023-07-24,700.0,709.0,692.0,696.0,24800
2023-07-25,701.0,716.0,695.0,711.0,19500
2023-07-26,711.0,728.0,704.0,728.0,13800
2023-07-27,715.0,721.0,707.0,712.0,10700
2023-07-28,712.0,716.0,698.0,710.0,28700
2023-07-31,719.0,745.0,718.0,739.0,50900
2023-08-01,740.0,758.0,739.0,758.0,66600
2023-08-02,765.0,787.0,735.0,774.0,320900
2023-08-03,699.0,700.0,660.0,660.0,419200
2023-08-04,660.0,660.0,633.0,657.0,124500
2023-08-07,653.0,695.0,636.0,685.0,181100
2023-08-08,695.0,698.0,665.0,665.0,55700
2023-08-09,663.0,671.0,654.0,661.0,38800
2023-08-10,655.0,670.0,654.0,666.0,30500
2023-08-14,676.0,676.0,654.0,655.0,27600
2023-08-15,657.0,666.0,653.0,663.0,23600
2023-08-16,662.0,662.0,631.0,634.0,43700
2023-08-17,631.0,639.0,612.0,615.0,57200
2023-08-18,615.0,632.0,601.0,632.0,33600
2023-08-21,624.0,640.0,615.0,637.0,16600
2023-08-22,629.0,640.0,628.0,633.0,18200
2023-08-23,633.0,653.0,631.0,649.0,15900
2023-08-24,644.0,660.0,644.0,654.0,16400
2023-08-25,655.0,659.0,649.0,656.0,7800
2023-08-28,666.0,666.0,643.0,650.0,17900
2023-08-29,654.0,661.0,648.0,655.0,13700
2023-08-30,655.0,660.0,652.0,659.0,11200
2023-08-31,653.0,661.0,653.0,654.0,7400
2023-09-01,654.0,658.0,648.0,658.0,18200
2023-09-04,658.0,675.0,657.0,675.0,41500
2023-09-05,711.0,711.0,683.0,701.0,128400
2023-09-06,709.0,713.0,692.0,703.0,63100
2023-09-07,701.0,733.0,701.0,711.0,91600
2023-09-08,710.0,711.0,683.0,687.0,49500
2023-09-11,697.0,757.0,690.0,756.0,162500
2023-09-12,758.0,776.0,735.0,757.0,109900
2023-09-13,755.0,755.0,739.0,746.0,36700
2023-09-14,755.0,762.0,735.0,741.0,32300
2023-09-15,733.0,740.0,721.0,733.0,38600
2023-09-19,725.0,725.0,704.0,707.0,57000
2023-09-20,707.0,728.0,697.0,705.0,30600
2023-09-21,694.0,704.0,687.0,691.0,14600
2023-09-22,683.0,722.0,683.0,718.0,35600
2023-09-25,728.0,734.0,723.0,734.0,14300
2023-09-26,734.0,734.0,716.0,727.0,12200
2023-09-27,717.0,728.0,708.0,720.0,20700
2023-09-28,711.0,719.0,702.0,703.0,12000
2023-09-29,704.0,709.0,694.0,703.0,15600
2023-10-02,706.0,716.0,703.0,708.0,17300
2023-10-03,700.0,700.0,679.0,686.0,31600
2023-10-04,666.0,681.0,635.0,640.0,59600
2023-10-05,636.0,659.0,636.0,655.0,23100
2023-10-06,655.0,661.0,650.0,658.0,12200
2023-10-10,687.0,687.0,666.0,675.0,12200
2023-10-11,681.0,681.0,670.0,670.0,17900
2023-10-12,662.0,678.0,662.0,674.0,8200
2023-10-13,665.0,668.0,651.0,651.0,12200
2023-10-16,641.0,642.0,620.0,624.0,23400
2023-10-17,621.0,638.0,621.0,632.0,15600
2023-10-18,639.0,640.0,626.0,636.0,13500
2023-10-19,628.0,636.0,625.0,635.0,9000
2023-10-20,636.0,636.0,611.0,622.0,26400
2023-10-23,621.0,622.0,592.0,593.0,37200
2023-10-24,598.0,611.0,566.0,609.0,41500
2023-10-25,624.0,624.0,603.0,603.0,21700
2023-10-26,596.0,602.0,590.0,590.0,14000
2023-10-27,600.0,605.0,592.0,605.0,7000
2023-10-30,605.0,605.0,581.0,585.0,12400
2023-10-31,585.0,588.0,576.0,586.0,17100
2023-11-01,588.0,593.0,582.0,583.0,16100
2023-11-02,592.0,595.0,584.0,595.0,16400
2023-11-06,593.0,603.0,585.0,600.0,35000
2023-11-07,620.0,620.0,590.0,590.0,78400
2023-11-08,520.0,537.0,490.0,492.0,226500
2023-11-09,490.0,507.0,481.0,507.0,64900
2023-11-10,498.0,505.0,491.0,505.0,42200
2023-11-13,505.0,505.0,485.0,498.0,50700
2023-11-14,501.0,501.0,483.0,483.0,19500
2023-11-15,483.0,489.0,483.0,489.0,23800
2023-11-16,490.0,504.0,488.0,502.0,36000
2023-11-17,500.0,525.0,500.0,525.0,42700
2023-11-20,525.0,539.0,515.0,520.0,32100
2023-11-21,521.0,533.0,520.0,530.0,15500
2023-11-22,530.0,538.0,530.0,534.0,12600
2023-11-24,535.0,535.0,526.0,532.0,15200
2023-11-27,532.0,532.0,515.0,516.0,22100
2023-11-28,518.0,520.0,512.0,513.0,21200
2023-11-29,513.0,524.0,512.0,516.0,18400
2023-11-30,513.0,518.0,512.0,514.0,7400
2023-12-01,518.0,522.0,514.0,520.0,11400
2023-12-04,522.0,523.0,518.0,521.0,7100
2023-12-05,519.0,521.0,510.0,515.0,21700
2023-12-06,512.0,516.0,497.0,504.0,53000
2023-12-07,504.0,504.0,484.0,492.0,38100
2023-12-08,491.0,491.0,481.0,488.0,21300
2023-12-11,500.0,500.0,483.0,483.0,17900
2023-12-12,484.0,498.0,481.0,490.0,20800
2023-12-13,485.0,489.0,485.0,485.0,8400
2023-12-14,485.0,487.0,475.0,476.0,21700
2023-12-15,470.0,475.0,460.0,469.0,34200
2023-12-18,475.0,511.0,471.0,492.0,58400
2023-12-19,493.0,496.0,485.0,496.0,12000
2023-12-20,498.0,511.0,492.0,493.0,18200
2023-12-21,492.0,497.0,492.0,495.0,5200
2023-12-22,495.0,495.0,487.0,489.0,12300
2023-12-25,489.0,491.0,477.0,478.0,25700
2023-12-26,478.0,485.0,477.0,477.0,32000
2023-12-27,476.0,494.0,470.0,493.0,44400
2023-12-28,483.0,488.0,480.0,488.0,14900
2023-12-29,485.0,498.0,485.0,487.0,16900
2024-01-04,483.0,511.0,483.0,505.0,24600
2024-01-05,502.0,507.0,496.0,497.0,13000
2024-01-09,499.0,508.0,487.0,508.0,22000
2024-01-10,512.0,547.0,512.0,534.0,84500
2024-01-11,531.0,539.0,525.0,539.0,31500
2024-01-12,541.0,541.0,521.0,528.0,15600
2024-01-15,525.0,536.0,525.0,527.0,6400
2024-01-16,532.0,532.0,506.0,506.0,16800
2024-01-17,504.0,520.0,500.0,503.0,14600
2024-01-18,508.0,511.0,502.0,511.0,3600
2024-01-19,504.0,508.0,503.0,505.0,7000
2024-01-22,505.0,530.0,505.0,530.0,35800
2024-01-23,528.0,530.0,519.0,520.0,11100
2024-01-24,524.0,524.0,513.0,514.0,6900
2024-01-25,512.0,517.0,511.0,512.0,8300
2024-01-26,509.0,517.0,509.0,511.0,3500
2024-01-29,511.0,512.0,505.0,507.0,19500
2024-01-30,510.0,511.0,505.0,505.0,6200
2024-01-31,503.0,507.0,503.0,505.0,7500
2024-02-01,505.0,512.0,505.0,511.0,7500
2024-02-02,503.0,511.0,503.0,509.0,10500
2024-02-05,511.0,530.0,509.0,527.0,26800
2024-02-06,530.0,611.0,521.0,560.0,406100
2024-02-07,550.0,646.0,550.0,604.0,253700
2024-02-08,682.0,695.0,635.0,643.0,412900
2024-02-09,651.0,655.0,611.0,655.0,111900
2024-02-13,659.0,659.0,597.0,604.0,93200
2024-02-14,604.0,639.0,604.0,620.0,49900
2024-02-15,625.0,625.0,595.0,611.0,31800
2024-02-16,602.0,620.0,602.0,606.0,20000
2024-02-19,605.0,644.0,605.0,643.0,30100
2024-02-20,643.0,651.0,625.0,631.0,21300
2024-02-21,630.0,630.0,605.0,614.0,18600
2024-02-22,634.0,634.0,611.0,614.0,19300
2024-02-26,618.0,652.0,607.0,638.0,52200
2024-02-27,640.0,640.0,609.0,617.0,17200
2024-02-28,624.0,630.0,612.0,617.0,11400
2024-02-29,620.0,630.0,612.0,630.0,4800
2024-03-01,624.0,628.0,616.0,618.0,9300
2024-03-04,618.0,625.0,612.0,622.0,12000
2024-03-05,615.0,622.0,609.0,618.0,25500
2024-03-06,615.0,650.0,615.0,645.0,41500
2024-03-07,650.0,670.0,630.0,641.0,64400
2024-03-08,631.0,639.0,624.0,633.0,16100
2024-03-11,615.0,628.0,611.0,617.0,34000
2024-03-12,611.0,632.0,611.0,627.0,5100
2024-03-13,624.0,635.0,614.0,624.0,23000
2024-03-14,620.0,624.0,615.0,620.0,9700
2024-03-15,623.0,652.0,614.0,640.0,37000
2024-03-18,632.0,638.0,618.0,629.0,49800
2024-03-19,633.0,653.0,626.0,626.0,17500
2024-03-21,626.0,634.0,617.0,617.0,15600
2024-03-22,615.0,623.0,615.0,618.0,6300
2024-03-25,625.0,629.0,620.0,626.0,12000
2024-03-26,620.0,627.0,610.0,615.0,9100
2024-03-27,611.0,618.0,611.0,615.0,8900
2024-03-28,621.0,637.0,620.0,633.0,11700
2024-03-29,638.0,656.0,637.0,641.0,16000
2024-04-01,658.0,662.0,641.0,647.0,15100
2024-04-02,649.0,649.0,633.0,639.0,7200
2024-04-03,622.0,659.0,620.0,637.0,49600
2024-04-04,617.0,637.0,605.0,611.0,64100
2024-04-05,605.0,610.0,589.0,609.0,26300
2024-04-08,610.0,611.0,592.0,592.0,21500
2024-04-09,596.0,625.0,596.0,616.0,14000
2024-04-10,619.0,623.0,609.0,623.0,6700
2024-04-11,629.0,629.0,620.0,625.0,5900
2024-04-12,634.0,634.0,611.0,623.0,8700
2024-04-15,621.0,621.0,610.0,613.0,9400
2024-04-16,611.0,620.0,609.0,618.0,6500
2024-04-17,614.0,621.0,600.0,611.0,6800
2024-04-18,611.0,616.0,606.0,611.0,4200
2024-04-19,611.0,611.0,585.0,599.0,18500
2024-04-22,599.0,605.0,597.0,599.0,6000
2024-04-23,603.0,608.0,601.0,605.0,4300
2024-04-24,608.0,622.0,608.0,617.0,6900
2024-04-25,617.0,617.0,612.0,612.0,1500
2024-04-26,613.0,620.0,613.0,619.0,3900
2024-04-30,619.0,619.0,613.0,615.0,3000
2024-05-01,621.0,621.0,616.0,619.0,3100
2024-05-02,621.0,634.0,621.0,634.0,9300
2024-05-07,636.0,640.0,620.0,634.0,15000
2024-05-08,638.0,643.0,634.0,639.0,6000
2024-05-09,641.0,642.0,633.0,639.0,6800
2024-05-10,638.0,645.0,638.0,645.0,9400
2024-05-13,648.0,655.0,639.0,647.0,13000
2024-05-14,649.0,657.0,639.0,642.0,18100
2024-05-15,582.0,589.0,562.0,584.0,67800
2024-05-16,577.0,577.0,562.0,568.0,17600
2024-05-17,570.0,570.0,551.0,556.0,11900
2024-05-20,556.0,614.0,556.0,606.0,23600
2024-05-21,596.0,603.0,593.0,601.0,5600
2024-05-22,601.0,601.0,589.0,590.0,5600
2024-05-23,589.0,615.0,589.0,615.0,9500
2024-05-24,611.0,611.0,600.0,602.0,4700
2024-05-27,602.0,611.0,601.0,605.0,4600
2024-05-28,600.0,616.0,599.0,599.0,14500
2024-05-29,599.0,600.0,592.0,592.0,3000
2024-05-30,593.0,596.0,592.0,596.0,2200
2024-05-31,596.0,598.0,592.0,594.0,1500
2024-06-03,599.0,604.0,599.0,600.0,5700
2024-06-04,598.0,602.0,598.0,602.0,2900
2024-06-05,602.0,604.0,600.0,603.0,3300
2024-06-06,608.0,619.0,608.0,615.0,15000
2024-06-07,612.0,613.0,609.0,613.0,2800
2024-06-10,613.0,616.0,613.0,616.0,4500
2024-06-11,619.0,627.0,619.0,625.0,9900
2024-06-12,626.0,633.0,626.0,630.0,7300
2024-06-13,631.0,633.0,623.0,630.0,6100
2024-06-14,630.0,632.0,617.0,625.0,5200
2024-06-17,627.0,627.0,615.0,618.0,2800
2024-06-18,626.0,637.0,625.0,632.0,16000
2024-06-19,636.0,636.0,631.0,635.0,8900
2024-06-20,629.0,635.0,629.0,634.0,3400
2024-06-21,632.0,635.0,632.0,635.0,1400
2024-06-24,635.0,660.0,635.0,660.0,21900
2024-06-25,674.0,686.0,665.0,686.0,21700
2024-06-26,686.0,686.0,667.0,669.0,8200
2024-06-27,669.0,669.0,660.0,664.0,2800
2024-06-28,656.0,656.0,637.0,645.0,12300
2024-07-01,645.0,653.0,640.0,643.0,5500
2024-07-02,643.0,655.0,643.0,653.0,3700
2024-07-03,662.0,686.0,662.0,683.0,17300
2024-07-04,686.0,716.0,686.0,703.0,30100
2024-07-05,688.0,701.0,667.0,700.0,38300
2024-07-08,704.0,735.0,704.0,730.0,21800
2024-07-09,726.0,729.0,710.0,722.0,12200
2024-07-10,720.0,722.0,707.0,718.0,6900
2024-07-11,713.0,713.0,693.0,700.0,19700
2024-07-12,694.0,699.0,683.0,693.0,19700
2024-07-16,696.0,704.0,695.0,704.0,12700
2024-07-17,706.0,742.0,697.0,730.0,36800
2024-07-18,730.0,730.0,710.0,725.0,10000
2024-07-19,718.0,728.0,705.0,715.0,13000
2024-07-22,716.0,717.0,695.0,714.0,13400
2024-07-23,713.0,713.0,700.0,707.0,9100
2024-07-24,707.0,707.0,697.0,702.0,5100
2024-07-25,698.0,698.0,670.0,675.0,14100
2024-07-26,675.0,675.0,660.0,660.0,8100
2024-07-29,667.0,690.0,662.0,687.0,11500
2024-07-30,689.0,717.0,683.0,708.0,9100
2024-07-31,709.0,709.0,692.0,693.0,4900
2024-08-01,694.0,695.0,687.0,687.0,5900
2024-08-02,607.0,640.0,587.0,603.0,89800
2024-08-05,580.0,588.0,507.0,553.0,42400
